name,path,cssCustomProperty,defaultValue,description,exampleValue,usage,cssProperties,source
motion.avatar.enter,motion; avatar; enter,--ds-avatar-enter,"150ms cubic-bezier(0.4, 1, 0.6, 1) ScaleIn80to100, 150ms cubic-bezier(0.4, 1, 0.6, 1) FadeIn0to100",Use for avatar group enter transitions.,"150ms cubic-bezier(0.4, 1, 0.6, 1) ScaleIn80to100, 150ms cubic-bezier(0.4, 1, 0.6, 1) FadeIn0to100",,,token-metadata.codegen.js
motion.avatar.exit,motion; avatar; exit,--ds-avatar-exit,"100ms cubic-bezier(0.6, 0, 0.8, 0.6) ScaleOut100to80, 100ms cubic-bezier(0.6, 0, 0.8, 0.6) FadeOut100to0",Use for avatar group exit transitions.,"100ms cubic-bezier(0.6, 0, 0.8, 0.6) ScaleOut100to80, 100ms cubic-bezier(0.6, 0, 0.8, 0.6) FadeOut100to0",,,token-metadata.codegen.js
motion.avatar.hovered,motion; avatar; hovered,--ds-avatar-hovered,"transform 250ms linear(0, 0.021, 0.058, 0.107, 0.164, 0.227, 0.292, 0.359, 0.425, 0.49, 0.552, 0.61, 0.664, 0.714, 0.759, 0.8, 0.837, 0.869, 0.898, 0.922, 0.943, 0.961, 0.976, 0.988, 0.998, 1.006, 1.013, 1.017, 1.02, 1.023, 1.024, 1.024, 1.024, 1.024, 1.023, 1.022, 1.02, 1.019, 1.017, 1.015, 1.014, 1.012, 1.011, 1.009, 1.008, 1.007, 1.006, 1.005, 1.004, 1.003, 1.002, 1.002, 1.001, 1.001, 1.001, 1, 1, 1, 1, 1, 0.999, 0.999, 0.999, 0.999, 1)",Use for hover state on avatar elements.,"transform 250ms linear(0, 0.021, 0.058, 0.107, 0.164, 0.227, 0.292, 0.359, 0.425, 0.49, 0.552, 0.61, 0.664, 0.714, 0.759, 0.8, 0.837, 0.869, 0.898, 0.922, 0.943, 0.961, 0.976, 0.988, 0.998, 1.006, 1.013, 1.017, 1.02, 1.023, 1.024, 1.024, 1.024, 1.024, 1.023, 1.022, 1.02, 1.019, 1.017, 1.015, 1.014, 1.012, 1.011, 1.009, 1.008, 1.007, 1.006, 1.005, 1.004, 1.003, 1.002, 1.002, 1.001, 1.001, 1.001, 1, 1, 1, 1, 1, 0.999, 0.999, 0.999, 0.999, 1)",,,token-metadata.codegen.js
motion.blanket.enter,motion; blanket; enter,--ds-blanket-enter,"250ms cubic-bezier(0.4, 0, 0, 1) FadeIn0to100",Use for blanket enter transitions.,"250ms cubic-bezier(0.4, 0, 0, 1) FadeIn0to100",,,token-metadata.codegen.js
motion.blanket.exit,motion; blanket; exit,--ds-blanket-exit,"200ms cubic-bezier(0.6, 0, 0.8, 0.6) FadeOut100to0",Use for blanket exit transitions.,"200ms cubic-bezier(0.6, 0, 0.8, 0.6) FadeOut100to0",,,token-metadata.codegen.js
motion.button.hovered,motion; button; hovered,--ds-button-hovered,"background-color 150ms cubic-bezier(0.4, 1, 0.6, 1)",Use for button hover state transitions.,"background-color 150ms cubic-bezier(0.4, 1, 0.6, 1)",,,token-metadata.codegen.js
motion.button.pressed,motion; button; pressed,--ds-button-pressed,"background-color 150ms cubic-bezier(0.4, 1, 0.6, 1)",Use for button pressed state transitions.,"background-color 150ms cubic-bezier(0.4, 1, 0.6, 1)",,,token-metadata.codegen.js
motion.duration.instant,motion; duration; instant,--ds-duration-instant,0ms,"Use for instant feedback with no perceptible delay, such as list item hover, selected and focus states.",0ms,,,token-metadata.codegen.js
motion.duration.long,motion; duration; long,--ds-duration-long,250ms,"Use for medium entrance transitions, such as modal enter and flag enter.",250ms,,,token-metadata.codegen.js
motion.duration.medium,motion; duration; medium,--ds-duration-medium,200ms,"Use for medium exit transitions, such as modal exit and flag exit.",200ms,,,token-metadata.codegen.js
motion.duration.short,motion; duration; short,--ds-duration-short,150ms,"Use for interactive state emphasis and small entrances, such as button hover and pressed states, popup enter, and avatar appear.",150ms,,,token-metadata.codegen.js
motion.duration.xlong,motion; duration; xlong,--ds-duration-xlong,400ms,"Use for large transitions, such as panel enter/exit, page transitions, and full-screen overlays.",400ms,,,token-metadata.codegen.js
motion.duration.xshort,motion; duration; xshort,--ds-duration-xshort,100ms,"Use for subtle pressed states and quick exits, such as component press feedback, popup dismiss, and avatar transitions.",100ms,,,token-metadata.codegen.js
motion.duration.xxlong,motion; duration; xxlong,--ds-duration-xxlong,600ms,"Use for large transitions, such as onboarding steps and full-screen overlays.",600ms,,,token-metadata.codegen.js
motion.duration.xxshort,motion; duration; xxshort,--ds-duration-xxshort,50ms,"Use for instant feedback, such as list item hover, selected and focus states.",50ms,,,token-metadata.codegen.js
motion.easing.in.practical,motion; easing; in; practical,--ds-easing-in-practical,"cubic-bezier(0.6, 0, 0.8, 0.6)",Starts slowly and accelerates away. Best for exit transitions where elements leaving the screen should feel like they are getting out of the way.,"cubic-bezier(0.6, 0, 0.8, 0.6)",,,token-metadata.codegen.js
motion.easing.inout.bold,motion; easing; inout; bold,--ds-easing-inout-bold,"cubic-bezier(0.4, 0, 0, 1)",The bold in-out curve pairs naturally with scale and repositioning of elements. It controls both the start and end of the motion.,"cubic-bezier(0.4, 0, 0, 1)",,,token-metadata.codegen.js
motion.easing.out.practical,motion; easing; out; practical,--ds-easing-out-practical,"cubic-bezier(0.4, 1, 0.6, 1)","A practical, everyday enter curve. Less dramatic than the bold variant, good for subtle transitions like content swaps, tab changes, and list reordering.","cubic-bezier(0.4, 1, 0.6, 1)",,,token-metadata.codegen.js
motion.easing.out.bold,motion; easing; out; bold,--ds-easing-out-bold,"cubic-bezier(0, 0.4, 0, 1)",Elements arrive quickly and decelerate to a stop. The fast start grabs attention and the gentle landing feels controlled.,"cubic-bezier(0, 0.4, 0, 1)",,,token-metadata.codegen.js
motion.easing.spring,motion; easing; spring,--ds-easing-spring,"linear(0, 0.021, 0.058, 0.107, 0.164, 0.227, 0.292, 0.359, 0.425, 0.49, 0.552, 0.61, 0.664, 0.714, 0.759, 0.8, 0.837, 0.869, 0.898, 0.922, 0.943, 0.961, 0.976, 0.988, 0.998, 1.006, 1.013, 1.017, 1.02, 1.023, 1.024, 1.024, 1.024, 1.024, 1.023, 1.022, 1.02, 1.019, 1.017, 1.015, 1.014, 1.012, 1.011, 1.009, 1.008, 1.007, 1.006, 1.005, 1.004, 1.003, 1.002, 1.002, 1.001, 1.001, 1.001, 1, 1, 1, 1, 1, 0.999, 0.999, 0.999, 0.999, 1)",,"linear(0, 0.021, 0.058, 0.107, 0.164, 0.227, 0.292, 0.359, 0.425, 0.49, 0.552, 0.61, 0.664, 0.714, 0.759, 0.8, 0.837, 0.869, 0.898, 0.922, 0.943, 0.961, 0.976, 0.988, 0.998, 1.006, 1.013, 1.017, 1.02, 1.023, 1.024, 1.024, 1.024, 1.024, 1.023, 1.022, 1.02, 1.019, 1.017, 1.015, 1.014, 1.012, 1.011, 1.009, 1.008, 1.007, 1.006, 1.005, 1.004, 1.003, 1.002, 1.002, 1.001, 1.001, 1.001, 1, 1, 1, 1, 1, 0.999, 0.999, 0.999, 0.999, 1)",,,token-names.js
motion.flag.enter,motion; flag; enter,--ds-flag-enter,"250ms cubic-bezier(0, 0.4, 0, 1) SlideIn50PercentLeft, 250ms cubic-bezier(0, 0.4, 0, 1) FadeIn0to100",Use for flag enter transitions.,"250ms cubic-bezier(0, 0.4, 0, 1) SlideIn50PercentLeft, 250ms cubic-bezier(0, 0.4, 0, 1) FadeIn0to100",,,token-metadata.codegen.js
motion.flag.exit,motion; flag; exit,--ds-flag-exit,"200ms cubic-bezier(0.6, 0, 0.8, 0.6) SlideOut15PercentLeft, 200ms cubic-bezier(0.6, 0, 0.8, 0.6) FadeOut100to0",Use for flag exit transitions.,"200ms cubic-bezier(0.6, 0, 0.8, 0.6) SlideOut15PercentLeft, 200ms cubic-bezier(0.6, 0, 0.8, 0.6) FadeOut100to0",,,token-metadata.codegen.js
motion.flag.reposition,motion; flag; reposition,--ds-flag-reposition,"transform 250ms cubic-bezier(0.4, 0, 0, 1)",Use for repositioning flag elements.,"transform 250ms cubic-bezier(0.4, 0, 0, 1)",,,token-metadata.codegen.js
motion.keyframe.fade.in,motion; keyframe; fade; in,--ds-keyframe-fade-in,FadeIn0to100,Use for fade-in transitions where an element goes from fully transparent to fully opaque.,FadeIn0to100,,,token-metadata.codegen.js
motion.keyframe.fade.out,motion; keyframe; fade; out,--ds-keyframe-fade-out,FadeOut100to0,Use for fade-out transitions where an element goes from fully opaque to fully transparent.,FadeOut100to0,,,token-metadata.codegen.js
motion.keyframe.scale.in.medium,motion; keyframe; scale; in; medium,--ds-keyframe-scale-in-medium,ScaleIn80to100,Use for medium scale-in transitions where an element grows from 80% to full size on enter.,ScaleIn80to100,,,token-metadata.codegen.js
motion.keyframe.scale.in.small,motion; keyframe; scale; in; small,--ds-keyframe-scale-in-small,ScaleIn95to100,Use for small scale-in transitions where an element grows from 95% to full size on enter.,ScaleIn95to100,,,token-metadata.codegen.js
motion.keyframe.scale.out.medium,motion; keyframe; scale; out; medium,--ds-keyframe-scale-out-medium,ScaleOut100to80,Use for medium scale-out transitions where an element shrinks from full size to 80% on exit.,ScaleOut100to80,,,token-metadata.codegen.js
motion.keyframe.scale.out.small,motion; keyframe; scale; out; small,--ds-keyframe-scale-out-small,ScaleOut100to95,Use for small scale-out transitions where an element shrinks from full size to 95% on exit.,ScaleOut100to95,,,token-metadata.codegen.js
motion.keyframe.slide.in.bottom.short,motion; keyframe; slide; in; bottom; short,--ds-keyframe-slide-in-bottom-short,SlideInBottom8px,Use for short slide-in transitions where an element enters from below its final position by 8px.,SlideInBottom8px,,,token-metadata.codegen.js
motion.keyframe.slide.in.left.half,motion; keyframe; slide; in; left; half,--ds-keyframe-slide-in-left-half,SlideIn50PercentLeft,Use for slide-in transitions where an element enters from the left of its final position by 50%.,SlideIn50PercentLeft,,,token-metadata.codegen.js
motion.keyframe.slide.in.left.short,motion; keyframe; slide; in; left; short,--ds-keyframe-slide-in-left-short,SlideInLeft8px,Use for short slide-in transitions where an element enters from the left of its final position by 8px.,SlideInLeft8px,,,token-metadata.codegen.js
motion.keyframe.slide.in.right.short,motion; keyframe; slide; in; right; short,--ds-keyframe-slide-in-right-short,SlideInRight8px,Use for short slide-in transitions where an element enters from the right of its final position by 8px.,SlideInRight8px,,,token-metadata.codegen.js
motion.keyframe.slide.in.top.short,motion; keyframe; slide; in; top; short,--ds-keyframe-slide-in-top-short,SlideInTop8px,Use for short slide-in transitions where an element enters from above its final position by 8px.,SlideInTop8px,,,token-metadata.codegen.js
motion.keyframe.slide.out.bottom.short,motion; keyframe; slide; out; bottom; short,--ds-keyframe-slide-out-bottom-short,SlideOutBottom8px,Use for short slide-out transitions where an element exits downward by 8px from its starting position.,SlideOutBottom8px,,,token-metadata.codegen.js
motion.keyframe.slide.out.left.half,motion; keyframe; slide; out; left; half,--ds-keyframe-slide-out-left-half,SlideOut15PercentLeft,Use for slide-out transitions where an element exits to the left of its starting position by 15%.,SlideOut15PercentLeft,,,token-metadata.codegen.js
motion.keyframe.slide.out.left.short,motion; keyframe; slide; out; left; short,--ds-keyframe-slide-out-left-short,SlideOutLeft8px,Use for short slide-out transitions where an element exits to the left by 8px from its starting position.,SlideOutLeft8px,,,token-metadata.codegen.js
motion.keyframe.slide.out.right.short,motion; keyframe; slide; out; right; short,--ds-keyframe-slide-out-right-short,SlideOutRight8px,Use for short slide-out transitions where an element exits to the right by 8px from its starting position.,SlideOutRight8px,,,token-metadata.codegen.js
motion.keyframe.slide.out.top.short,motion; keyframe; slide; out; top; short,--ds-keyframe-slide-out-top-short,SlideOutTop8px,Use for short slide-out transitions where an element exits upward by 8px from its starting position.,SlideOutTop8px,,,token-metadata.codegen.js
motion.listitem.hovered,motion; listitem; hovered,--ds-listitem-hovered,"background-color 50ms cubic-bezier(0.4, 1, 0.6, 1), border-color 50ms cubic-bezier(0.4, 1, 0.6, 1), color 50ms cubic-bezier(0.4, 1, 0.6, 1)",Use for list item hover state transitions.,"background-color 50ms cubic-bezier(0.4, 1, 0.6, 1), border-color 50ms cubic-bezier(0.4, 1, 0.6, 1), color 50ms cubic-bezier(0.4, 1, 0.6, 1)",,,token-metadata.codegen.js
motion.listitem.pressed,motion; listitem; pressed,--ds-listitem-pressed,"background-color 100ms cubic-bezier(0.4, 1, 0.6, 1), border-color 100ms cubic-bezier(0.4, 1, 0.6, 1), color 100ms cubic-bezier(0.4, 1, 0.6, 1)",Use for list item pressed state transitions.,"background-color 100ms cubic-bezier(0.4, 1, 0.6, 1), border-color 100ms cubic-bezier(0.4, 1, 0.6, 1), color 100ms cubic-bezier(0.4, 1, 0.6, 1)",,,token-metadata.codegen.js
motion.listitem.selected,motion; listitem; selected,--ds-listitem-selected,"background-color 100ms cubic-bezier(0.4, 1, 0.6, 1), border-color 100ms cubic-bezier(0.4, 1, 0.6, 1), color 100ms cubic-bezier(0.4, 1, 0.6, 1)",Use for list item selected state transitions.,"background-color 100ms cubic-bezier(0.4, 1, 0.6, 1), border-color 100ms cubic-bezier(0.4, 1, 0.6, 1), color 100ms cubic-bezier(0.4, 1, 0.6, 1)",,,token-metadata.codegen.js
motion.modal.enter,motion; modal; enter,--ds-modal-enter,"250ms cubic-bezier(0.4, 0, 0, 1) ScaleIn95to100",Use for modal enter transitions.,"250ms cubic-bezier(0.4, 0, 0, 1) ScaleIn95to100",,,token-metadata.codegen.js
motion.modal.exit,motion; modal; exit,--ds-modal-exit,"200ms cubic-bezier(0.6, 0, 0.8, 0.6) ScaleOut100to95",Use for modal exit transitions.,"200ms cubic-bezier(0.6, 0, 0.8, 0.6) ScaleOut100to95",,,token-metadata.codegen.js
motion.popup.enter.bottom,motion; popup; enter; bottom,--ds-popup-enter-bottom,"150ms cubic-bezier(0.4, 1, 0.6, 1) SlideInBottom8px, 150ms cubic-bezier(0.4, 1, 0.6, 1) FadeIn0to100",Use for popup enter from the bottom.,"150ms cubic-bezier(0.4, 1, 0.6, 1) SlideInBottom8px, 150ms cubic-bezier(0.4, 1, 0.6, 1) FadeIn0to100",,,token-metadata.codegen.js
motion.popup.enter.left,motion; popup; enter; left,--ds-popup-enter-left,"150ms cubic-bezier(0.4, 1, 0.6, 1) SlideInLeft8px, 150ms cubic-bezier(0.4, 1, 0.6, 1) FadeIn0to100",Use for popup enter from the left.,"150ms cubic-bezier(0.4, 1, 0.6, 1) SlideInLeft8px, 150ms cubic-bezier(0.4, 1, 0.6, 1) FadeIn0to100",,,token-metadata.codegen.js
motion.popup.enter.right,motion; popup; enter; right,--ds-popup-enter-right,"150ms cubic-bezier(0.4, 1, 0.6, 1) SlideInRight8px, 150ms cubic-bezier(0.4, 1, 0.6, 1) FadeIn0to100",Use for popup enter from the right.,"150ms cubic-bezier(0.4, 1, 0.6, 1) SlideInRight8px, 150ms cubic-bezier(0.4, 1, 0.6, 1) FadeIn0to100",,,token-metadata.codegen.js
motion.popup.enter.top,motion; popup; enter; top,--ds-popup-enter-top,"150ms cubic-bezier(0.4, 1, 0.6, 1) SlideInTop8px, 150ms cubic-bezier(0.4, 1, 0.6, 1) FadeIn0to100","Use for popup enter from the top: popup, tooltip, dropdown, inline message, inline dialog.","150ms cubic-bezier(0.4, 1, 0.6, 1) SlideInTop8px, 150ms cubic-bezier(0.4, 1, 0.6, 1) FadeIn0to100",,,token-metadata.codegen.js
motion.popup.exit.bottom,motion; popup; exit; bottom,--ds-popup-exit-bottom,"100ms cubic-bezier(0.6, 0, 0.8, 0.6) SlideOutBottom8px, 100ms cubic-bezier(0.6, 0, 0.8, 0.6) FadeOut100to0",Use for popup exit toward the bottom.,"100ms cubic-bezier(0.6, 0, 0.8, 0.6) SlideOutBottom8px, 100ms cubic-bezier(0.6, 0, 0.8, 0.6) FadeOut100to0",,,token-metadata.codegen.js
motion.popup.exit.left,motion; popup; exit; left,--ds-popup-exit-left,"100ms cubic-bezier(0.6, 0, 0.8, 0.6) SlideOutLeft8px, 100ms cubic-bezier(0.6, 0, 0.8, 0.6) FadeOut100to0",Use for popup exit toward the left.,"100ms cubic-bezier(0.6, 0, 0.8, 0.6) SlideOutLeft8px, 100ms cubic-bezier(0.6, 0, 0.8, 0.6) FadeOut100to0",,,token-metadata.codegen.js
motion.popup.exit.right,motion; popup; exit; right,--ds-popup-exit-right,"100ms cubic-bezier(0.6, 0, 0.8, 0.6) SlideOutRight8px, 100ms cubic-bezier(0.6, 0, 0.8, 0.6) FadeOut100to0",Use for popup exit toward the right.,"100ms cubic-bezier(0.6, 0, 0.8, 0.6) SlideOutRight8px, 100ms cubic-bezier(0.6, 0, 0.8, 0.6) FadeOut100to0",,,token-metadata.codegen.js
motion.popup.exit.top,motion; popup; exit; top,--ds-popup-exit-top,"100ms cubic-bezier(0.6, 0, 0.8, 0.6) SlideOutTop8px, 100ms cubic-bezier(0.6, 0, 0.8, 0.6) FadeOut100to0",Use for popup exit toward the top.,"100ms cubic-bezier(0.6, 0, 0.8, 0.6) SlideOutTop8px, 100ms cubic-bezier(0.6, 0, 0.8, 0.6) FadeOut100to0",,,token-metadata.codegen.js
motion.spotlight.enter,motion; spotlight; enter,--ds-spotlight-enter,"250ms cubic-bezier(0.4, 0, 0, 1) ScaleIn95to100, 250ms cubic-bezier(0.4, 0, 0, 1) FadeIn0to100",Use for spotlight enter transitions.,"250ms cubic-bezier(0.4, 0, 0, 1) ScaleIn95to100, 250ms cubic-bezier(0.4, 0, 0, 1) FadeIn0to100",,,token-metadata.codegen.js
motion.spotlight.exit,motion; spotlight; exit,--ds-spotlight-exit,"200ms cubic-bezier(0.6, 0, 0.8, 0.6) ScaleOut100to95, 200ms cubic-bezier(0.6, 0, 0.8, 0.6) FadeOut100to0",Use for spotlight exit transitions.,"200ms cubic-bezier(0.6, 0, 0.8, 0.6) ScaleOut100to95, 200ms cubic-bezier(0.6, 0, 0.8, 0.6) FadeOut100to0",,,token-metadata.codegen.js
color.background.accent.lime.subtlest,color; background; accent; lime; subtlest; [default],--ds-background-accent-lime-subtlest,#EFFFD6,Use for for backgrounds when there is no meaning tied to the color. Reserved for when you only want a hint of color.,#EFFFD6,"The color for backgrounds. Use for areas behind content (e.g. color.background.neutral, color.background.selected)",background-color,token-metadata.codegen.js
color.background.accent.lime.subtlest.hovered,color; background; accent; lime; subtlest; hovered,--ds-background-accent-lime-subtlest-hovered,#D3F1A7,Hovered state of color.background.accent.lime.subtlest.,#D3F1A7,"The color for backgrounds. Use for areas behind content (e.g. color.background.neutral, color.background.selected)",background-color,token-metadata.codegen.js
color.background.accent.lime.subtlest.pressed,color; background; accent; lime; subtlest; pressed,--ds-background-accent-lime-subtlest-pressed,#BDE97C,Pressed state of color.background.accent.lime.subtlest.,#BDE97C,"The color for backgrounds. Use for areas behind content (e.g. color.background.neutral, color.background.selected)",background-color,token-metadata.codegen.js
color.background.accent.lime.subtler,color; background; accent; lime; subtler; [default],--ds-background-accent-lime-subtler,#D3F1A7,"Use for for backgrounds when there is no meaning tied to the color, such as colored tags.",#D3F1A7,"The color for backgrounds. Use for areas behind content (e.g. color.background.neutral, color.background.selected)",background-color,token-metadata.codegen.js
color.background.accent.lime.subtler.hovered,color; background; accent; lime; subtler; hovered,--ds-background-accent-lime-subtler-hovered,#BDE97C,Hovered state of color.background.accent.lime.subtler.,#BDE97C,"The color for backgrounds. Use for areas behind content (e.g. color.background.neutral, color.background.selected)",background-color,token-metadata.codegen.js
color.background.accent.lime.subtler.pressed,color; background; accent; lime; subtler; pressed,--ds-background-accent-lime-subtler-pressed,#B3DF72,Pressed state of color.background.accent.lime.subtler.,#B3DF72,"The color for backgrounds. Use for areas behind content (e.g. color.background.neutral, color.background.selected)",background-color,token-metadata.codegen.js
color.background.accent.lime.subtle,color; background; accent; lime; subtle; [default],--ds-background-accent-lime-subtle,#94C748,"Use for vibrant for backgrounds when there is no meaning tied to the color, such as colored tags.",#94C748,"The color for backgrounds. Use for areas behind content (e.g. color.background.neutral, color.background.selected)",background-color,token-metadata.codegen.js
color.background.accent.lime.subtle.hovered,color; background; accent; lime; subtle; hovered,--ds-background-accent-lime-subtle-hovered,#B3DF72,Hovered state of color.background.accent.lime.subtle.,#B3DF72,"The color for backgrounds. Use for areas behind content (e.g. color.background.neutral, color.background.selected)",background-color,token-metadata.codegen.js
color.background.accent.lime.subtle.pressed,color; background; accent; lime; subtle; pressed,--ds-background-accent-lime-subtle-pressed,#BDE97C,Pressed state of color.background.accent.lime.subtle.,#BDE97C,"The color for backgrounds. Use for areas behind content (e.g. color.background.neutral, color.background.selected)",background-color,token-metadata.codegen.js
color.background.accent.lime.bolder,color; background; accent; lime; bolder; [default],--ds-background-accent-lime-bolder,#5B7F24,"Use for for backgrounds when there is no meaning tied to the color, and the background needs to pass min 3:1 contrast requirements.",#5B7F24,"The color for backgrounds. Use for areas behind content (e.g. color.background.neutral, color.background.selected)",background-color,token-metadata.codegen.js
color.background.accent.lime.bolder.hovered,color; background; accent; lime; bolder; hovered,--ds-background-accent-lime-bolder-hovered,#4C6B1F,Hovered state of color.background.accent.lime.bolder.,#4C6B1F,"The color for backgrounds. Use for areas behind content (e.g. color.background.neutral, color.background.selected)",background-color,token-metadata.codegen.js
color.background.accent.lime.bolder.pressed,color; background; accent; lime; bolder; pressed,--ds-background-accent-lime-bolder-pressed,#3F5224,Pressed state of color.background.accent.lime.bolder.,#3F5224,"The color for backgrounds. Use for areas behind content (e.g. color.background.neutral, color.background.selected)",background-color,token-metadata.codegen.js
color.background.accent.red.subtlest,color; background; accent; red; subtlest; [default],--ds-background-accent-red-subtlest,#FFECEB,Use for red backgrounds when there is no meaning tied to the color. Reserved for when you only want a hint of color.,#FFECEB,"The color for backgrounds. Use for areas behind content (e.g. color.background.neutral, color.background.selected)",background-color,token-metadata.codegen.js
color.background.accent.red.subtlest.hovered,color; background; accent; red; subtlest; hovered,--ds-background-accent-red-subtlest-hovered,#FFD5D2,Hovered state of color.background.accent.red.subtlest.,#FFD5D2,"The color for backgrounds. Use for areas behind content (e.g. color.background.neutral, color.background.selected)",background-color,token-metadata.codegen.js
color.background.accent.red.subtlest.pressed,color; background; accent; red; subtlest; pressed,--ds-background-accent-red-subtlest-pressed,#FFB8B2,Pressed state of color.background.accent.red.subtlest.,#FFB8B2,"The color for backgrounds. Use for areas behind content (e.g. color.background.neutral, color.background.selected)",background-color,token-metadata.codegen.js
color.background.accent.red.subtler,color; background; accent; red; subtler; [default],--ds-background-accent-red-subtler,#FFD5D2,"Use for red backgrounds when there is no meaning tied to the color, such as colored tags.",#FFD5D2,"The color for backgrounds. Use for areas behind content (e.g. color.background.neutral, color.background.selected)",background-color,token-metadata.codegen.js
color.background.accent.red.subtler.hovered,color; background; accent; red; subtler; hovered,--ds-background-accent-red-subtler-hovered,#FFB8B2,Hovered state of color.background.accent.red.subtler.,#FFB8B2,"The color for backgrounds. Use for areas behind content (e.g. color.background.neutral, color.background.selected)",background-color,token-metadata.codegen.js
color.background.accent.red.subtler.pressed,color; background; accent; red; subtler; pressed,--ds-background-accent-red-subtler-pressed,#FD9891,Pressed state of color.background.accent.red.subtler.,#FD9891,"The color for backgrounds. Use for areas behind content (e.g. color.background.neutral, color.background.selected)",background-color,token-metadata.codegen.js
color.background.accent.red.subtle,color; background; accent; red; subtle; [default],--ds-background-accent-red-subtle,#F87168,"Use for vibrant red backgrounds when there is no meaning tied to the color, such as colored tags.",#F87168,"The color for backgrounds. Use for areas behind content (e.g. color.background.neutral, color.background.selected)",background-color,token-metadata.codegen.js
color.background.accent.red.subtle.hovered,color; background; accent; red; subtle; hovered,--ds-background-accent-red-subtle-hovered,#FD9891,Hovered state of color.background.accent.red.subtle.,#FD9891,"The color for backgrounds. Use for areas behind content (e.g. color.background.neutral, color.background.selected)",background-color,token-metadata.codegen.js
color.background.accent.red.subtle.pressed,color; background; accent; red; subtle; pressed,--ds-background-accent-red-subtle-pressed,#FFB8B2,Pressed state of color.background.accent.red.subtle.,#FFB8B2,"The color for backgrounds. Use for areas behind content (e.g. color.background.neutral, color.background.selected)",background-color,token-metadata.codegen.js
color.background.accent.red.bolder,color; background; accent; red; bolder; [default],--ds-background-accent-red-bolder,#C9372C,"Use for red backgrounds when there is no meaning tied to the color, and the background needs to pass min 3:1 contrast requirements.",#C9372C,"The color for backgrounds. Use for areas behind content (e.g. color.background.neutral, color.background.selected)",background-color,token-metadata.codegen.js
color.background.accent.red.bolder.hovered,color; background; accent; red; bolder; hovered,--ds-background-accent-red-bolder-hovered,#AE2E24,Hovered state of color.background.accent.red.bolder.,#AE2E24,"The color for backgrounds. Use for areas behind content (e.g. color.background.neutral, color.background.selected)",background-color,token-metadata.codegen.js
color.background.accent.red.bolder.pressed,color; background; accent; red; bolder; pressed,--ds-background-accent-red-bolder-pressed,#872821,Pressed state of color.background.accent.red.bolder.,#872821,"The color for backgrounds. Use for areas behind content (e.g. color.background.neutral, color.background.selected)",background-color,token-metadata.codegen.js
color.background.accent.orange.subtlest,color; background; accent; orange; subtlest; [default],--ds-background-accent-orange-subtlest,#FFF5DB,Use for orange backgrounds when there is no meaning tied to the color. Reserved for when you only want a hint of color.,#FFF5DB,"The color for backgrounds. Use for areas behind content (e.g. color.background.neutral, color.background.selected)",background-color,token-metadata.codegen.js
color.background.accent.orange.subtlest.hovered,color; background; accent; orange; subtlest; hovered,--ds-background-accent-orange-subtlest-hovered,#FCE4A6,Hovered state of color.background.accent.orange.subtlest.,#FCE4A6,"The color for backgrounds. Use for areas behind content (e.g. color.background.neutral, color.background.selected)",background-color,token-metadata.codegen.js
color.background.accent.orange.subtlest.pressed,color; background; accent; orange; subtlest; pressed,--ds-background-accent-orange-subtlest-pressed,#FBD779,Pressed state of color.background.accent.orange.subtlest.,#FBD779,"The color for backgrounds. Use for areas behind content (e.g. color.background.neutral, color.background.selected)",background-color,token-metadata.codegen.js
color.background.accent.orange.subtler,color; background; accent; orange; subtler; [default],--ds-background-accent-orange-subtler,#FCE4A6,"Use for orange backgrounds when there is no meaning tied to the color, such as colored tags.",#FCE4A6,"The color for backgrounds. Use for areas behind content (e.g. color.background.neutral, color.background.selected)",background-color,token-metadata.codegen.js
color.background.accent.orange.subtler.hovered,color; background; accent; orange; subtler; hovered,--ds-background-accent-orange-subtler-hovered,#FBD779,Hovered state of color.background.accent.orange.subtler.,#FBD779,"The color for backgrounds. Use for areas behind content (e.g. color.background.neutral, color.background.selected)",background-color,token-metadata.codegen.js
color.background.accent.orange.subtler.pressed,color; background; accent; orange; subtler; pressed,--ds-background-accent-orange-subtler-pressed,#FBC828,Pressed state of color.background.accent.orange.subtler.,#FBC828,"The color for backgrounds. Use for areas behind content (e.g. color.background.neutral, color.background.selected)",background-color,token-metadata.codegen.js
color.background.accent.orange.subtle,color; background; accent; orange; subtle; [default],--ds-background-accent-orange-subtle,#FCA700,"Use for vibrant orange backgrounds when there is no meaning tied to the color, such as colored tags.",#FCA700,"The color for backgrounds. Use for areas behind content (e.g. color.background.neutral, color.background.selected)",background-color,token-metadata.codegen.js
color.background.accent.orange.subtle.hovered,color; background; accent; orange; subtle; hovered,--ds-background-accent-orange-subtle-hovered,#FBC828,Hovered state of color.background.accent.orange.subtle.,#FBC828,"The color for backgrounds. Use for areas behind content (e.g. color.background.neutral, color.background.selected)",background-color,token-metadata.codegen.js
color.background.accent.orange.subtle.pressed,color; background; accent; orange; subtle; pressed,--ds-background-accent-orange-subtle-pressed,#FBD779,Pressed state of color.background.accent.orange.subtle.,#FBD779,"The color for backgrounds. Use for areas behind content (e.g. color.background.neutral, color.background.selected)",background-color,token-metadata.codegen.js
color.background.accent.orange.bolder,color; background; accent; orange; bolder; [default],--ds-background-accent-orange-bolder,#BD5B00,"Use for orange backgrounds when there is no meaning tied to the color, and the background needs to pass min 3:1 contrast requirements.",#BD5B00,"The color for backgrounds. Use for areas behind content (e.g. color.background.neutral, color.background.selected)",background-color,token-metadata.codegen.js
color.background.accent.orange.bolder.hovered,color; background; accent; orange; bolder; hovered,--ds-background-accent-orange-bolder-hovered,#9E4C00,Hovered state of color.background.accent.orange.bolder.,#9E4C00,"The color for backgrounds. Use for areas behind content (e.g. color.background.neutral, color.background.selected)",background-color,token-metadata.codegen.js
color.background.accent.orange.bolder.pressed,color; background; accent; orange; bolder; pressed,--ds-background-accent-orange-bolder-pressed,#7A3B00,Pressed state of color.background.accent.orange.bolder.,#7A3B00,"The color for backgrounds. Use for areas behind content (e.g. color.background.neutral, color.background.selected)",background-color,token-metadata.codegen.js
color.background.accent.yellow.subtlest,color; background; accent; yellow; subtlest; [default],--ds-background-accent-yellow-subtlest,#FEF7C8,Use for yellow backgrounds when there is no meaning tied to the color. Reserved for when you only want a hint of color.,#FEF7C8,"The color for backgrounds. Use for areas behind content (e.g. color.background.neutral, color.background.selected)",background-color,token-metadata.codegen.js
color.background.accent.yellow.subtlest.hovered,color; background; accent; yellow; subtlest; hovered,--ds-background-accent-yellow-subtlest-hovered,#F5E989,Hovered state of color.background.accent.yellow.subtlest.,#F5E989,"The color for backgrounds. Use for areas behind content (e.g. color.background.neutral, color.background.selected)",background-color,token-metadata.codegen.js
color.background.accent.yellow.subtlest.pressed,color; background; accent; yellow; subtlest; pressed,--ds-background-accent-yellow-subtlest-pressed,#EFDD4E,Pressed state of color.background.accent.yellow.subtlest.,#EFDD4E,"The color for backgrounds. Use for areas behind content (e.g. color.background.neutral, color.background.selected)",background-color,token-metadata.codegen.js
color.background.accent.yellow.subtler,color; background; accent; yellow; subtler; [default],--ds-background-accent-yellow-subtler,#F5E989,"Use for yellow backgrounds when there is no meaning tied to the color, such as colored tags.",#F5E989,"The color for backgrounds. Use for areas behind content (e.g. color.background.neutral, color.background.selected)",background-color,token-metadata.codegen.js
color.background.accent.yellow.subtler.hovered,color; background; accent; yellow; subtler; hovered,--ds-background-accent-yellow-subtler-hovered,#EFDD4E,Hovered state of color.background.accent.yellow.subtler.,#EFDD4E,"The color for backgrounds. Use for areas behind content (e.g. color.background.neutral, color.background.selected)",background-color,token-metadata.codegen.js
color.background.accent.yellow.subtler.pressed,color; background; accent; yellow; subtler; pressed,--ds-background-accent-yellow-subtler-pressed,#EED12B,Pressed state of color.background.accent.yellow.subtler.,#EED12B,"The color for backgrounds. Use for areas behind content (e.g. color.background.neutral, color.background.selected)",background-color,token-metadata.codegen.js
color.background.accent.yellow.subtle,color; background; accent; yellow; subtle; [default],--ds-background-accent-yellow-subtle,#EED12B,"Use for vibrant yellow backgrounds when there is no meaning tied to the color, such as colored tags.",#EED12B,"The color for backgrounds. Use for areas behind content (e.g. color.background.neutral, color.background.selected)",background-color,token-metadata.codegen.js
color.background.accent.yellow.subtle.hovered,color; background; accent; yellow; subtle; hovered,--ds-background-accent-yellow-subtle-hovered,#DDB30E,Hovered state of color.background.accent.yellow.subtle.,#DDB30E,"The color for backgrounds. Use for areas behind content (e.g. color.background.neutral, color.background.selected)",background-color,token-metadata.codegen.js
color.background.accent.yellow.subtle.pressed,color; background; accent; yellow; subtle; pressed,--ds-background-accent-yellow-subtle-pressed,#EFDD4E,Pressed state of color.background.accent.yellow.subtle.,#EFDD4E,"The color for backgrounds. Use for areas behind content (e.g. color.background.neutral, color.background.selected)",background-color,token-metadata.codegen.js
color.background.accent.yellow.bolder,color; background; accent; yellow; bolder; [default],--ds-background-accent-yellow-bolder,#946F00,"Use for yellow backgrounds when there is no meaning tied to the color, and the background needs to pass min 3:1 contrast requirements.",#946F00,"The color for backgrounds. Use for areas behind content (e.g. color.background.neutral, color.background.selected)",background-color,token-metadata.codegen.js
color.background.accent.yellow.bolder.hovered,color; background; accent; yellow; bolder; hovered,--ds-background-accent-yellow-bolder-hovered,#7F5F01,Hovered state of color.background.accent.yellow.bolder.,#7F5F01,"The color for backgrounds. Use for areas behind content (e.g. color.background.neutral, color.background.selected)",background-color,token-metadata.codegen.js
color.background.accent.yellow.bolder.pressed,color; background; accent; yellow; bolder; pressed,--ds-background-accent-yellow-bolder-pressed,#614A05,Pressed state of color.background.accent.yellow.bolder.,#614A05,"The color for backgrounds. Use for areas behind content (e.g. color.background.neutral, color.background.selected)",background-color,token-metadata.codegen.js
color.background.accent.green.subtlest,color; background; accent; green; subtlest; [default],--ds-background-accent-green-subtlest,#DCFFF1,Use for green backgrounds when there is no meaning tied to the color. Reserved for when you only want a hint of color.,#DCFFF1,"The color for backgrounds. Use for areas behind content (e.g. color.background.neutral, color.background.selected)",background-color,token-metadata.codegen.js
color.background.accent.green.subtlest.hovered,color; background; accent; green; subtlest; hovered,--ds-background-accent-green-subtlest-hovered,#BAF3DB,Hovered state of color.background.accent.green.subtlest.,#BAF3DB,"The color for backgrounds. Use for areas behind content (e.g. color.background.neutral, color.background.selected)",background-color,token-metadata.codegen.js
color.background.accent.green.subtlest.pressed,color; background; accent; green; subtlest; pressed,--ds-background-accent-green-subtlest-pressed,#97EDC9,Pressed state of color.background.accent.green.subtlest.,#97EDC9,"The color for backgrounds. Use for areas behind content (e.g. color.background.neutral, color.background.selected)",background-color,token-metadata.codegen.js
color.background.accent.green.subtler,color; background; accent; green; subtler; [default],--ds-background-accent-green-subtler,#BAF3DB,"Use for green backgrounds when there is no meaning tied to the color, such as colored tags.",#BAF3DB,"The color for backgrounds. Use for areas behind content (e.g. color.background.neutral, color.background.selected)",background-color,token-metadata.codegen.js
color.background.accent.green.subtler.hovered,color; background; accent; green; subtler; hovered,--ds-background-accent-green-subtler-hovered,#97EDC9,Hovered state of color.background.accent.green.subtler.,#97EDC9,"The color for backgrounds. Use for areas behind content (e.g. color.background.neutral, color.background.selected)",background-color,token-metadata.codegen.js
color.background.accent.green.subtler.pressed,color; background; accent; green; subtler; pressed,--ds-background-accent-green-subtler-pressed,#7EE2B8,Pressed state of color.background.accent.green.subtler.,#7EE2B8,"The color for backgrounds. Use for areas behind content (e.g. color.background.neutral, color.background.selected)",background-color,token-metadata.codegen.js
color.background.accent.green.subtle,color; background; accent; green; subtle; [default],--ds-background-accent-green-subtle,#4BCE97,"Use for vibrant green backgrounds when there is no meaning tied to the color, such as colored tags.",#4BCE97,"The color for backgrounds. Use for areas behind content (e.g. color.background.neutral, color.background.selected)",background-color,token-metadata.codegen.js
color.background.accent.green.subtle.hovered,color; background; accent; green; subtle; hovered,--ds-background-accent-green-subtle-hovered,#7EE2B8,Hovered state of color.background.accent.green.subtle.,#7EE2B8,"The color for backgrounds. Use for areas behind content (e.g. color.background.neutral, color.background.selected)",background-color,token-metadata.codegen.js
color.background.accent.green.subtle.pressed,color; background; accent; green; subtle; pressed,--ds-background-accent-green-subtle-pressed,#97EDC9,Pressed state of color.background.accent.green.subtle.,#97EDC9,"The color for backgrounds. Use for areas behind content (e.g. color.background.neutral, color.background.selected)",background-color,token-metadata.codegen.js
color.background.accent.green.bolder,color; background; accent; green; bolder; [default],--ds-background-accent-green-bolder,#1F845A,"Use for green backgrounds when there is no meaning tied to the color, and the background needs to pass min 3:1 contrast requirements.",#1F845A,"The color for backgrounds. Use for areas behind content (e.g. color.background.neutral, color.background.selected)",background-color,token-metadata.codegen.js
color.background.accent.green.bolder.hovered,color; background; accent; green; bolder; hovered,--ds-background-accent-green-bolder-hovered,#216E4E,Hovered state of color.background.accent.green.bolder.,#216E4E,"The color for backgrounds. Use for areas behind content (e.g. color.background.neutral, color.background.selected)",background-color,token-metadata.codegen.js
color.background.accent.green.bolder.pressed,color; background; accent; green; bolder; pressed,--ds-background-accent-green-bolder-pressed,#19573D,Pressed state of color.background.accent.green.bolder.,#19573D,"The color for backgrounds. Use for areas behind content (e.g. color.background.neutral, color.background.selected)",background-color,token-metadata.codegen.js
color.background.accent.teal.subtlest,color; background; accent; teal; subtlest; [default],--ds-background-accent-teal-subtlest,#E7F9FF,Use for teal backgrounds when there is no meaning tied to the color. Reserved for when you only want a hint of color.,#E7F9FF,"The color for backgrounds. Use for areas behind content (e.g. color.background.neutral, color.background.selected)",background-color,token-metadata.codegen.js
color.background.accent.teal.subtlest.hovered,color; background; accent; teal; subtlest; hovered,--ds-background-accent-teal-subtlest-hovered,#C6EDFB,Hovered state of color.background.accent.teal.subtlest.,#C6EDFB,"The color for backgrounds. Use for areas behind content (e.g. color.background.neutral, color.background.selected)",background-color,token-metadata.codegen.js
color.background.accent.teal.subtlest.pressed,color; background; accent; teal; subtlest; pressed,--ds-background-accent-teal-subtlest-pressed,#B1E4F7,Pressed state of color.background.accent.teal.subtlest.,#B1E4F7,"The color for backgrounds. Use for areas behind content (e.g. color.background.neutral, color.background.selected)",background-color,token-metadata.codegen.js
color.background.accent.teal.subtler,color; background; accent; teal; subtler; [default],--ds-background-accent-teal-subtler,#C6EDFB,"Use for teal backgrounds when there is no meaning tied to the color, such as colored tags.",#C6EDFB,"The color for backgrounds. Use for areas behind content (e.g. color.background.neutral, color.background.selected)",background-color,token-metadata.codegen.js
color.background.accent.teal.subtler.hovered,color; background; accent; teal; subtler; hovered,--ds-background-accent-teal-subtler-hovered,#B1E4F7,Hovered state of color.background.accent.teal.subtler.,#B1E4F7,"The color for backgrounds. Use for areas behind content (e.g. color.background.neutral, color.background.selected)",background-color,token-metadata.codegen.js
color.background.accent.teal.subtler.pressed,color; background; accent; teal; subtler; pressed,--ds-background-accent-teal-subtler-pressed,#9DD9EE,Pressed state of color.background.accent.teal.subtler.,#9DD9EE,"The color for backgrounds. Use for areas behind content (e.g. color.background.neutral, color.background.selected)",background-color,token-metadata.codegen.js
color.background.accent.teal.subtle,color; background; accent; teal; subtle; [default],--ds-background-accent-teal-subtle,#6CC3E0,"Use for vibrant teal backgrounds when there is no meaning tied to the color, such as colored tags.",#6CC3E0,"The color for backgrounds. Use for areas behind content (e.g. color.background.neutral, color.background.selected)",background-color,token-metadata.codegen.js
color.background.accent.teal.subtle.hovered,color; background; accent; teal; subtle; hovered,--ds-background-accent-teal-subtle-hovered,#9DD9EE,Hovered state of color.background.accent.teal.subtle.,#9DD9EE,"The color for backgrounds. Use for areas behind content (e.g. color.background.neutral, color.background.selected)",background-color,token-metadata.codegen.js
color.background.accent.teal.subtle.pressed,color; background; accent; teal; subtle; pressed,--ds-background-accent-teal-subtle-pressed,#B1E4F7,Pressed state of color.background.accent.teal.subtle.,#B1E4F7,"The color for backgrounds. Use for areas behind content (e.g. color.background.neutral, color.background.selected)",background-color,token-metadata.codegen.js
color.background.accent.teal.bolder,color; background; accent; teal; bolder; [default],--ds-background-accent-teal-bolder,#227D9B,"Use for teal backgrounds when there is no meaning tied to the color, and the background needs to pass min 3:1 contrast requirements.",#227D9B,"The color for backgrounds. Use for areas behind content (e.g. color.background.neutral, color.background.selected)",background-color,token-metadata.codegen.js
color.background.accent.teal.bolder.hovered,color; background; accent; teal; bolder; hovered,--ds-background-accent-teal-bolder-hovered,#206A83,Hovered state of color.background.accent.teal.bolder.,#206A83,"The color for backgrounds. Use for areas behind content (e.g. color.background.neutral, color.background.selected)",background-color,token-metadata.codegen.js
color.background.accent.teal.bolder.pressed,color; background; accent; teal; bolder; pressed,--ds-background-accent-teal-bolder-pressed,#1A5265,Pressed state of color.background.accent.teal.bolder.,#1A5265,"The color for backgrounds. Use for areas behind content (e.g. color.background.neutral, color.background.selected)",background-color,token-metadata.codegen.js
color.background.accent.blue.subtlest,color; background; accent; blue; subtlest; [default],--ds-background-accent-blue-subtlest,#E9F2FE,Use for blue backgrounds when there is no meaning tied to the color. Reserved for when you only want a hint of color.,#E9F2FE,"The color for backgrounds. Use for areas behind content (e.g. color.background.neutral, color.background.selected)",background-color,token-metadata.codegen.js
color.background.accent.blue.subtlest.hovered,color; background; accent; blue; subtlest; hovered,--ds-background-accent-blue-subtlest-hovered,#CFE1FD,Hovered state of color.background.accent.blue.subtlest.,#CFE1FD,"The color for backgrounds. Use for areas behind content (e.g. color.background.neutral, color.background.selected)",background-color,token-metadata.codegen.js
color.background.accent.blue.subtlest.pressed,color; background; accent; blue; subtlest; pressed,--ds-background-accent-blue-subtlest-pressed,#ADCBFB,Pressed state of color.background.accent.blue.subtlest.,#ADCBFB,"The color for backgrounds. Use for areas behind content (e.g. color.background.neutral, color.background.selected)",background-color,token-metadata.codegen.js
color.background.accent.blue.subtler,color; background; accent; blue; subtler; [default],--ds-background-accent-blue-subtler,#CFE1FD,"Use for blue backgrounds when there is no meaning tied to the color, such as colored tags.",#CFE1FD,"The color for backgrounds. Use for areas behind content (e.g. color.background.neutral, color.background.selected)",background-color,token-metadata.codegen.js
color.background.accent.blue.subtler.hovered,color; background; accent; blue; subtler; hovered,--ds-background-accent-blue-subtler-hovered,#ADCBFB,Hovered state of color.background.accent.blue.subtler.,#ADCBFB,"The color for backgrounds. Use for areas behind content (e.g. color.background.neutral, color.background.selected)",background-color,token-metadata.codegen.js
color.background.accent.blue.subtler.pressed,color; background; accent; blue; subtler; pressed,--ds-background-accent-blue-subtler-pressed,#8FB8F6,Pressed state of color.background.accent.blue.subtler.,#8FB8F6,"The color for backgrounds. Use for areas behind content (e.g. color.background.neutral, color.background.selected)",background-color,token-metadata.codegen.js
color.background.accent.blue.subtle,color; background; accent; blue; subtle; [default],--ds-background-accent-blue-subtle,#669DF1,"Use for vibrant blue backgrounds when there is no meaning tied to the color, such as colored tags.",#669DF1,"The color for backgrounds. Use for areas behind content (e.g. color.background.neutral, color.background.selected)",background-color,token-metadata.codegen.js
color.background.accent.blue.subtle.hovered,color; background; accent; blue; subtle; hovered,--ds-background-accent-blue-subtle-hovered,#8FB8F6,Hovered state of color.background.accent.blue.subtle.,#8FB8F6,"The color for backgrounds. Use for areas behind content (e.g. color.background.neutral, color.background.selected)",background-color,token-metadata.codegen.js
color.background.accent.blue.subtle.pressed,color; background; accent; blue; subtle; pressed,--ds-background-accent-blue-subtle-pressed,#ADCBFB,Pressed state of color.background.accent.blue.subtle.,#ADCBFB,"The color for backgrounds. Use for areas behind content (e.g. color.background.neutral, color.background.selected)",background-color,token-metadata.codegen.js
color.background.accent.blue.bolder,color; background; accent; blue; bolder; [default],--ds-background-accent-blue-bolder,#1868DB,"Use for blue backgrounds when there is no meaning tied to the color, and the background needs to pass min 3:1 contrast requirements.",#1868DB,"The color for backgrounds. Use for areas behind content (e.g. color.background.neutral, color.background.selected)",background-color,token-metadata.codegen.js
color.background.accent.blue.bolder.hovered,color; background; accent; blue; bolder; hovered,--ds-background-accent-blue-bolder-hovered,#1558BC,Hovered state of color.background.accent.blue.bolder.,#1558BC,"The color for backgrounds. Use for areas behind content (e.g. color.background.neutral, color.background.selected)",background-color,token-metadata.codegen.js
color.background.accent.blue.bolder.pressed,color; background; accent; blue; bolder; pressed,--ds-background-accent-blue-bolder-pressed,#144794,Pressed state of color.background.accent.blue.bolder.,#144794,"The color for backgrounds. Use for areas behind content (e.g. color.background.neutral, color.background.selected)",background-color,token-metadata.codegen.js
color.background.accent.purple.subtlest,color; background; accent; purple; subtlest; [default],--ds-background-accent-purple-subtlest,#F8EEFE,Use for purple backgrounds when there is no meaning tied to the color. Reserved for when you only want a hint of color.,#F8EEFE,"The color for backgrounds. Use for areas behind content (e.g. color.background.neutral, color.background.selected)",background-color,token-metadata.codegen.js
color.background.accent.purple.subtlest.hovered,color; background; accent; purple; subtlest; hovered,--ds-background-accent-purple-subtlest-hovered,#EED7FC,Hovered state of color.background.accent.purple.subtlest.,#EED7FC,"The color for backgrounds. Use for areas behind content (e.g. color.background.neutral, color.background.selected)",background-color,token-metadata.codegen.js
color.background.accent.purple.subtlest.pressed,color; background; accent; purple; subtlest; pressed,--ds-background-accent-purple-subtlest-pressed,#E3BDFA,Pressed state of color.background.accent.purple.subtlest.,#E3BDFA,"The color for backgrounds. Use for areas behind content (e.g. color.background.neutral, color.background.selected)",background-color,token-metadata.codegen.js
color.background.accent.purple.subtler,color; background; accent; purple; subtler; [default],--ds-background-accent-purple-subtler,#EED7FC,"Use for purple backgrounds when there is no meaning tied to the color, such as colored tags.",#EED7FC,"The color for backgrounds. Use for areas behind content (e.g. color.background.neutral, color.background.selected)",background-color,token-metadata.codegen.js
color.background.accent.purple.subtler.hovered,color; background; accent; purple; subtler; hovered,--ds-background-accent-purple-subtler-hovered,#E3BDFA,Hovered state of color.background.accent.purple.subtler.,#E3BDFA,"The color for backgrounds. Use for areas behind content (e.g. color.background.neutral, color.background.selected)",background-color,token-metadata.codegen.js
color.background.accent.purple.subtler.pressed,color; background; accent; purple; subtler; pressed,--ds-background-accent-purple-subtler-pressed,#D8A0F7,Pressed state of color.background.accent.purple.subtler.,#D8A0F7,"The color for backgrounds. Use for areas behind content (e.g. color.background.neutral, color.background.selected)",background-color,token-metadata.codegen.js
color.background.accent.purple.subtle,color; background; accent; purple; subtle; [default],--ds-background-accent-purple-subtle,#C97CF4,"Use for vibrant purple backgrounds when there is no meaning tied to the color, such as colored tags.",#C97CF4,"The color for backgrounds. Use for areas behind content (e.g. color.background.neutral, color.background.selected)",background-color,token-metadata.codegen.js
color.background.accent.purple.subtle.hovered,color; background; accent; purple; subtle; hovered,--ds-background-accent-purple-subtle-hovered,#D8A0F7,Hovered state of color.background.accent.purple.subtle.,#D8A0F7,"The color for backgrounds. Use for areas behind content (e.g. color.background.neutral, color.background.selected)",background-color,token-metadata.codegen.js
color.background.accent.purple.subtle.pressed,color; background; accent; purple; subtle; pressed,--ds-background-accent-purple-subtle-pressed,#E3BDFA,Pressed state of color.background.accent.purple.subtle.,#E3BDFA,"The color for backgrounds. Use for areas behind content (e.g. color.background.neutral, color.background.selected)",background-color,token-metadata.codegen.js
color.background.accent.purple.bolder,color; background; accent; purple; bolder; [default],--ds-background-accent-purple-bolder,#964AC0,"Use for purple backgrounds when there is no meaning tied to the color, and the background needs to pass min 3:1 contrast requirements.",#964AC0,"The color for backgrounds. Use for areas behind content (e.g. color.background.neutral, color.background.selected)",background-color,token-metadata.codegen.js
color.background.accent.purple.bolder.hovered,color; background; accent; purple; bolder; hovered,--ds-background-accent-purple-bolder-hovered,#803FA5,Hovered state of color.background.accent.purple.bolder.,#803FA5,"The color for backgrounds. Use for areas behind content (e.g. color.background.neutral, color.background.selected)",background-color,token-metadata.codegen.js
color.background.accent.purple.bolder.pressed,color; background; accent; purple; bolder; pressed,--ds-background-accent-purple-bolder-pressed,#673286,Pressed state of color.background.accent.purple.bolder.,#673286,"The color for backgrounds. Use for areas behind content (e.g. color.background.neutral, color.background.selected)",background-color,token-metadata.codegen.js
color.background.accent.magenta.subtlest,color; background; accent; magenta; subtlest; [default],--ds-background-accent-magenta-subtlest,#FFECF8,Use for magenta backgrounds when there is no meaning tied to the color. Reserved for when you only want a hint of color.,#FFECF8,"The color for backgrounds. Use for areas behind content (e.g. color.background.neutral, color.background.selected)",background-color,token-metadata.codegen.js
color.background.accent.magenta.subtlest.hovered,color; background; accent; magenta; subtlest; hovered,--ds-background-accent-magenta-subtlest-hovered,#FDD0EC,Hovered state of color.background.accent.magenta.subtlest.,#FDD0EC,"The color for backgrounds. Use for areas behind content (e.g. color.background.neutral, color.background.selected)",background-color,token-metadata.codegen.js
color.background.accent.magenta.subtlest.pressed,color; background; accent; magenta; subtlest; pressed,--ds-background-accent-magenta-subtlest-pressed,#FCB6E1,Pressed state of color.background.accent.magenta.subtlest.,#FCB6E1,"The color for backgrounds. Use for areas behind content (e.g. color.background.neutral, color.background.selected)",background-color,token-metadata.codegen.js
color.background.accent.magenta.subtler,color; background; accent; magenta; subtler; [default],--ds-background-accent-magenta-subtler,#FDD0EC,"Use for magenta backgrounds when there is no meaning tied to the color, such as colored tags.",#FDD0EC,"The color for backgrounds. Use for areas behind content (e.g. color.background.neutral, color.background.selected)",background-color,token-metadata.codegen.js
color.background.accent.magenta.subtler.hovered,color; background; accent; magenta; subtler; hovered,--ds-background-accent-magenta-subtler-hovered,#FCB6E1,Hovered state of color.background.accent.magenta.subtler.,#FCB6E1,"The color for backgrounds. Use for areas behind content (e.g. color.background.neutral, color.background.selected)",background-color,token-metadata.codegen.js
color.background.accent.magenta.subtler.pressed,color; background; accent; magenta; subtler; pressed,--ds-background-accent-magenta-subtler-pressed,#F797D2,Pressed state of color.background.accent.magenta.subtler.,#F797D2,"The color for backgrounds. Use for areas behind content (e.g. color.background.neutral, color.background.selected)",background-color,token-metadata.codegen.js
color.background.accent.magenta.subtle,color; background; accent; magenta; subtle; [default],--ds-background-accent-magenta-subtle,#E774BB,"Use for vibrant magenta backgrounds when there is no meaning tied to the color, such as colored tags.",#E774BB,"The color for backgrounds. Use for areas behind content (e.g. color.background.neutral, color.background.selected)",background-color,token-metadata.codegen.js
color.background.accent.magenta.subtle.hovered,color; background; accent; magenta; subtle; hovered,--ds-background-accent-magenta-subtle-hovered,#F797D2,Hovered state of color.background.accent.magenta.subtle.,#F797D2,"The color for backgrounds. Use for areas behind content (e.g. color.background.neutral, color.background.selected)",background-color,token-metadata.codegen.js
color.background.accent.magenta.subtle.pressed,color; background; accent; magenta; subtle; pressed,--ds-background-accent-magenta-subtle-pressed,#FCB6E1,Pressed state of color.background.accent.magenta.subtle.,#FCB6E1,"The color for backgrounds. Use for areas behind content (e.g. color.background.neutral, color.background.selected)",background-color,token-metadata.codegen.js
color.background.accent.magenta.bolder,color; background; accent; magenta; bolder; [default],--ds-background-accent-magenta-bolder,#AE4787,"Use for magenta backgrounds when there is no meaning tied to the color, and the background needs to pass min 3:1 contrast requirements.",#AE4787,"The color for backgrounds. Use for areas behind content (e.g. color.background.neutral, color.background.selected)",background-color,token-metadata.codegen.js
color.background.accent.magenta.bolder.hovered,color; background; accent; magenta; bolder; hovered,--ds-background-accent-magenta-bolder-hovered,#943D73,Hovered state of color.background.accent.magenta.bolder.,#943D73,"The color for backgrounds. Use for areas behind content (e.g. color.background.neutral, color.background.selected)",background-color,token-metadata.codegen.js
color.background.accent.magenta.bolder.pressed,color; background; accent; magenta; bolder; pressed,--ds-background-accent-magenta-bolder-pressed,#77325B,Pressed state of color.background.accent.magenta.bolder.,#77325B,"The color for backgrounds. Use for areas behind content (e.g. color.background.neutral, color.background.selected)",background-color,token-metadata.codegen.js
color.background.accent.gray.subtlest,color; background; accent; gray; subtlest; [default],--ds-background-accent-gray-subtlest,#F0F1F2,Use for gray backgrounds when there is no meaning tied to the color. Reserved for when you only want a hint of color.,#F0F1F2,"The color for backgrounds. Use for areas behind content (e.g. color.background.neutral, color.background.selected)",background-color,token-metadata.codegen.js
color.background.accent.gray.subtlest.hovered,color; background; accent; gray; subtlest; hovered,--ds-background-accent-gray-subtlest-hovered,#DDDEE1,Hovered state of color.background.accent.gray.subtlest.,#DDDEE1,"The color for backgrounds. Use for areas behind content (e.g. color.background.neutral, color.background.selected)",background-color,token-metadata.codegen.js
color.background.accent.gray.subtlest.pressed,color; background; accent; gray; subtlest; pressed,--ds-background-accent-gray-subtlest-pressed,#B7B9BE,Pressed state of color.background.accent.gray.subtlest.,#B7B9BE,"The color for backgrounds. Use for areas behind content (e.g. color.background.neutral, color.background.selected)",background-color,token-metadata.codegen.js
color.background.accent.gray.subtler,color; background; accent; gray; subtler; [default],--ds-background-accent-gray-subtler,#DDDEE1,"Use for gray backgrounds when there is no meaning tied to the color, such as colored tags.",#DDDEE1,"The color for backgrounds. Use for areas behind content (e.g. color.background.neutral, color.background.selected)",background-color,token-metadata.codegen.js
color.background.accent.gray.subtler.hovered,color; background; accent; gray; subtler; hovered,--ds-background-accent-gray-subtler-hovered,#B7B9BE,Hovered state of color.background.accent.gray.subtler.,#B7B9BE,"The color for backgrounds. Use for areas behind content (e.g. color.background.neutral, color.background.selected)",background-color,token-metadata.codegen.js
color.background.accent.gray.subtler.pressed,color; background; accent; gray; subtler; pressed,--ds-background-accent-gray-subtler-pressed,#8C8F97,Pressed state of color.background.accent.gray.subtler.,#8C8F97,"The color for backgrounds. Use for areas behind content (e.g. color.background.neutral, color.background.selected)",background-color,token-metadata.codegen.js
color.background.accent.gray.subtle,color; background; accent; gray; subtle; [default],--ds-background-accent-gray-subtle,#8C8F97,"Use for vibrant gray backgrounds when there is no meaning tied to the color, such as colored tags.",#8C8F97,"The color for backgrounds. Use for areas behind content (e.g. color.background.neutral, color.background.selected)",background-color,token-metadata.codegen.js
color.background.accent.gray.subtle.hovered,color; background; accent; gray; subtle; hovered,--ds-background-accent-gray-subtle-hovered,#B7B9BE,Hovered state of color.background.accent.gray.subtle.,#B7B9BE,"The color for backgrounds. Use for areas behind content (e.g. color.background.neutral, color.background.selected)",background-color,token-metadata.codegen.js
color.background.accent.gray.subtle.pressed,color; background; accent; gray; subtle; pressed,--ds-background-accent-gray-subtle-pressed,#DDDEE1,Pressed state of color.background.accent.gray.subtle.,#DDDEE1,"The color for backgrounds. Use for areas behind content (e.g. color.background.neutral, color.background.selected)",background-color,token-metadata.codegen.js
color.background.accent.gray.bolder,color; background; accent; gray; bolder; [default],--ds-background-accent-gray-bolder,#6B6E76,"Use for gray backgrounds when there is no meaning tied to the color, and the background needs to pass min 3:1 contrast requirements.",#6B6E76,"The color for backgrounds. Use for areas behind content (e.g. color.background.neutral, color.background.selected)",background-color,token-metadata.codegen.js
color.background.accent.gray.bolder.hovered,color; background; accent; gray; bolder; hovered,--ds-background-accent-gray-bolder-hovered,#505258,Hovered state of color.background.accent.gray.bolder.,#505258,"The color for backgrounds. Use for areas behind content (e.g. color.background.neutral, color.background.selected)",background-color,token-metadata.codegen.js
color.background.accent.gray.bolder.pressed,color; background; accent; gray; bolder; pressed,--ds-background-accent-gray-bolder-pressed,#3B3D42,Pressed state of color.background.accent.gray.subtlest.,#3B3D42,"The color for backgrounds. Use for areas behind content (e.g. color.background.neutral, color.background.selected)",background-color,token-metadata.codegen.js
color.background.disabled,color; background; disabled,--ds-background-disabled,#0515240F,Use for backgrounds of elements in a disabled state.,#0515240F,"The color for backgrounds. Use for areas behind content (e.g. color.background.neutral, color.background.selected)",background-color,token-metadata.codegen.js
color.background.input,color; background; input; [default],--ds-background-input,#FFFFFF,"Use for background of form UI elements, such as text fields, checkboxes, and radio buttons.",#FFFFFF,"The color for backgrounds. Use for areas behind content (e.g. color.background.neutral, color.background.selected)",background-color,token-metadata.codegen.js
color.background.input.hovered,color; background; input; hovered,--ds-background-input-hovered,#F8F8F8,Hovered state for color.background.input,#F8F8F8,"The color for backgrounds. Use for areas behind content (e.g. color.background.neutral, color.background.selected)",background-color,token-metadata.codegen.js
color.background.input.pressed,color; background; input; pressed,--ds-background-input-pressed,#FFFFFF,Pressed state for color.background.input,#FFFFFF,"The color for backgrounds. Use for areas behind content (e.g. color.background.neutral, color.background.selected)",background-color,token-metadata.codegen.js
color.background.inverse.subtle,color; background; inverse; subtle; [default],--ds-background-inverse-subtle,#00000029,"Use for backgrounds of elements on a bold background, such as in the buttons on spotlight cards.",#00000029,"The color for backgrounds. Use for areas behind content (e.g. color.background.neutral, color.background.selected)",background-color,token-metadata.codegen.js
color.background.inverse.subtle.hovered,color; background; inverse; subtle; hovered,--ds-background-inverse-subtle-hovered,#0000003D,Use for the hovered state of color.background.inverse.subtle,#0000003D,"The color for backgrounds. Use for areas behind content (e.g. color.background.neutral, color.background.selected)",background-color,token-metadata.codegen.js
color.background.inverse.subtle.pressed,color; background; inverse; subtle; pressed,--ds-background-inverse-subtle-pressed,#00000052,Use for the pressed state of color.background.inverse.subtle,#00000052,"The color for backgrounds. Use for areas behind content (e.g. color.background.neutral, color.background.selected)",background-color,token-metadata.codegen.js
color.background.neutral,color; background; neutral; [default]; [default],--ds-background-neutral,#0515240F,"The default background for neutral elements, such as default buttons.",#0515240F,"The color for backgrounds. Use for areas behind content (e.g. color.background.neutral, color.background.selected)",background-color,token-metadata.codegen.js
color.background.neutral.hovered,color; background; neutral; [default]; hovered,--ds-background-neutral-hovered,#0B120E24,Hovered state for color.background.neutral,#0B120E24,"The color for backgrounds. Use for areas behind content (e.g. color.background.neutral, color.background.selected)",background-color,token-metadata.codegen.js
color.background.neutral.pressed,color; background; neutral; [default]; pressed,--ds-background-neutral-pressed,#080F214A,Pressed state for color.background.neutral,#080F214A,"The color for backgrounds. Use for areas behind content (e.g. color.background.neutral, color.background.selected)",background-color,token-metadata.codegen.js
color.background.neutral.subtle,color; background; neutral; subtle; [default],--ds-background-neutral-subtle,#00000000,"Use for the background of elements that appear to have no background in a resting state, such as subtle buttons and menu items.",#00000000,"The color for backgrounds. Use for areas behind content (e.g. color.background.neutral, color.background.selected)",background-color,token-metadata.codegen.js
color.background.neutral.subtle.hovered,color; background; neutral; subtle; hovered,--ds-background-neutral-subtle-hovered,#0515240F,Hovered state for color.background.neutral.subtle,#0515240F,"The color for backgrounds. Use for areas behind content (e.g. color.background.neutral, color.background.selected)",background-color,token-metadata.codegen.js
color.background.neutral.subtle.pressed,color; background; neutral; subtle; pressed,--ds-background-neutral-subtle-pressed,#0B120E24,Pressed state for color.background.neutral.subtle,#0B120E24,"The color for backgrounds. Use for areas behind content (e.g. color.background.neutral, color.background.selected)",background-color,token-metadata.codegen.js
color.background.neutral.bold,color; background; neutral; bold; [default],--ds-background-neutral-bold,#292A2E,"A vibrant background option for neutral UI elements, such as announcement banners.",#292A2E,"The color for backgrounds. Use for areas behind content (e.g. color.background.neutral, color.background.selected)",background-color,token-metadata.codegen.js
color.background.neutral.bold.hovered,color; background; neutral; bold; hovered,--ds-background-neutral-bold-hovered,#3B3D42,Hovered state of color.background.neutral.bold,#3B3D42,"The color for backgrounds. Use for areas behind content (e.g. color.background.neutral, color.background.selected)",background-color,token-metadata.codegen.js
color.background.neutral.bold.pressed,color; background; neutral; bold; pressed,--ds-background-neutral-bold-pressed,#505258,Pressed state of color.background.neutral.bold,#505258,"The color for backgrounds. Use for areas behind content (e.g. color.background.neutral, color.background.selected)",background-color,token-metadata.codegen.js
color.background.selected,color; background; selected; [default]; [default],--ds-background-selected,#E9F2FE,"Use for the background of elements in a selected state, such as in opened dropdown buttons.",#E9F2FE,"The color for backgrounds. Use for areas behind content (e.g. color.background.neutral, color.background.selected)",background-color,token-metadata.codegen.js
color.background.selected.hovered,color; background; selected; [default]; hovered,--ds-background-selected-hovered,#CFE1FD,Hovered state for color.background.selected,#CFE1FD,"The color for backgrounds. Use for areas behind content (e.g. color.background.neutral, color.background.selected)",background-color,token-metadata.codegen.js
color.background.selected.pressed,color; background; selected; [default]; pressed,--ds-background-selected-pressed,#8FB8F6,Pressed state for color.background.selected,#8FB8F6,"The color for backgrounds. Use for areas behind content (e.g. color.background.neutral, color.background.selected)",background-color,token-metadata.codegen.js
color.background.selected.bold,color; background; selected; bold; [default],--ds-background-selected-bold,#1868DB,"Use for the backgrounds of elements in a selected state, such as checkboxes and radio buttons.",#1868DB,"The color for backgrounds. Use for areas behind content (e.g. color.background.neutral, color.background.selected)",background-color,token-metadata.codegen.js
color.background.selected.bold.hovered,color; background; selected; bold; hovered,--ds-background-selected-bold-hovered,#1558BC,Hovered state of color.background.selected.bold,#1558BC,"The color for backgrounds. Use for areas behind content (e.g. color.background.neutral, color.background.selected)",background-color,token-metadata.codegen.js
color.background.selected.bold.pressed,color; background; selected; bold; pressed,--ds-background-selected-bold-pressed,#123263,Pressed state of color.background.selected.bold,#123263,"The color for backgrounds. Use for areas behind content (e.g. color.background.neutral, color.background.selected)",background-color,token-metadata.codegen.js
color.background.brand.subtlest,color; background; brand; subtlest; [default],--ds-background-brand-subtlest,#E9F2FE,"Use for the background of elements used to reinforce our brand, but with less emphasis.",#E9F2FE,"The color for backgrounds. Use for areas behind content (e.g. color.background.neutral, color.background.selected)",background-color,token-metadata.codegen.js
color.background.brand.subtlest.hovered,color; background; brand; subtlest; hovered,--ds-background-brand-subtlest-hovered,#CFE1FD,Hovered state of color.background.brand.subtlest.,#CFE1FD,"The color for backgrounds. Use for areas behind content (e.g. color.background.neutral, color.background.selected)",background-color,token-metadata.codegen.js
color.background.brand.subtlest.pressed,color; background; brand; subtlest; pressed,--ds-background-brand-subtlest-pressed,#ADCBFB,Pressed state of color.background.brand.subtlest,#ADCBFB,"The color for backgrounds. Use for areas behind content (e.g. color.background.neutral, color.background.selected)",background-color,token-metadata.codegen.js
color.background.brand.bold,color; background; brand; bold; [default],--ds-background-brand-bold,#1868DB,"Use for the background of elements used to reinforce our brand, but with more emphasis.",#1868DB,"The color for backgrounds. Use for areas behind content (e.g. color.background.neutral, color.background.selected)",background-color,token-metadata.codegen.js
color.background.brand.bold.hovered,color; background; brand; bold; hovered,--ds-background-brand-bold-hovered,#1558BC,Hovered state of color.background.brand.bold.,#1558BC,"The color for backgrounds. Use for areas behind content (e.g. color.background.neutral, color.background.selected)",background-color,token-metadata.codegen.js
color.background.brand.bold.pressed,color; background; brand; bold; pressed,--ds-background-brand-bold-pressed,#144794,Pressed state of color.background.brand.bold.,#144794,"The color for backgrounds. Use for areas behind content (e.g. color.background.neutral, color.background.selected)",background-color,token-metadata.codegen.js
color.background.brand.boldest,color; background; brand; boldest; [default],--ds-background-brand-boldest,#1C2B42,"Use for the background of elements used to reinforce our brand, that need to stand out a lot.",#1C2B42,"The color for backgrounds. Use for areas behind content (e.g. color.background.neutral, color.background.selected)",background-color,token-metadata.codegen.js
color.background.brand.boldest.hovered,color; background; brand; boldest; hovered,--ds-background-brand-boldest-hovered,#123263,Hovered state of color.background.brand.boldest.,#123263,"The color for backgrounds. Use for areas behind content (e.g. color.background.neutral, color.background.selected)",background-color,token-metadata.codegen.js
color.background.brand.boldest.pressed,color; background; brand; boldest; pressed,--ds-background-brand-boldest-pressed,#144794,Pressed state of color.background.brand.boldest.,#144794,"The color for backgrounds. Use for areas behind content (e.g. color.background.neutral, color.background.selected)",background-color,token-metadata.codegen.js
color.background.danger,color; background; danger; [default]; [default],--ds-background-danger,#FFECEB,"Use for backgrounds communicating critical information, such in error section messages.",#FFECEB,"The color for backgrounds. Use for areas behind content (e.g. color.background.neutral, color.background.selected)",background-color,token-metadata.codegen.js
color.background.danger.hovered,color; background; danger; [default]; hovered,--ds-background-danger-hovered,#FFD5D2,Hovered state for color.background.danger,#FFD5D2,"The color for backgrounds. Use for areas behind content (e.g. color.background.neutral, color.background.selected)",background-color,token-metadata.codegen.js
color.background.danger.pressed,color; background; danger; [default]; pressed,--ds-background-danger-pressed,#FFB8B2,Pressed state for color.background.danger,#FFB8B2,"The color for backgrounds. Use for areas behind content (e.g. color.background.neutral, color.background.selected)",background-color,token-metadata.codegen.js
color.background.danger.subtler,color; background; danger; subtler; [default],--ds-background-danger-subtler,#FFD5D2,Use for backgrounds of danger lozenges and badges to ensure accessibility and desired visual appearance.,#FFD5D2,"The color for backgrounds. Use for areas behind content (e.g. color.background.neutral, color.background.selected)",background-color,token-metadata.codegen.js
color.background.danger.subtler.hovered,color; background; danger; subtler; hovered,--ds-background-danger-subtler-hovered,#FFB8B2,Hovered state of color.background.danger.subtler,#FFB8B2,"The color for backgrounds. Use for areas behind content (e.g. color.background.neutral, color.background.selected)",background-color,token-metadata.codegen.js
color.background.danger.subtler.pressed,color; background; danger; subtler; pressed,--ds-background-danger-subtler-pressed,#FD9891,Pressed state of color.background.danger.subtler,#FD9891,"The color for backgrounds. Use for areas behind content (e.g. color.background.neutral, color.background.selected)",background-color,token-metadata.codegen.js
color.background.danger.subtle,color; background; danger; subtle; [default],--ds-background-danger-subtle,#FD9891,"Background colour for non-interactive elements communicating critical danger information (e.g. semantic badges, status pills, callout chips). Sits between subtler and bold in visual emphasis. Not for interactive surfaces — see color.background.danger.bold or color.background.danger.subtler for interactive states.",#FD9891,"The color for backgrounds. Use for areas behind content (e.g. color.background.neutral, color.background.selected)",background-color,token-metadata.codegen.js
color.background.danger.bold,color; background; danger; bold; [default],--ds-background-danger-bold,#C9372C,"A vibrant background option for communicating critical information, such as in danger buttons and error banners.",#C9372C,"The color for backgrounds. Use for areas behind content (e.g. color.background.neutral, color.background.selected)",background-color,token-metadata.codegen.js
color.background.danger.bold.hovered,color; background; danger; bold; hovered,--ds-background-danger-bold-hovered,#AE2E24,Hovered state of color.background.danger.bold,#AE2E24,"The color for backgrounds. Use for areas behind content (e.g. color.background.neutral, color.background.selected)",background-color,token-metadata.codegen.js
color.background.danger.bold.pressed,color; background; danger; bold; pressed,--ds-background-danger-bold-pressed,#872821,Pressed state of color.background.danger.bold,#872821,"The color for backgrounds. Use for areas behind content (e.g. color.background.neutral, color.background.selected)",background-color,token-metadata.codegen.js
color.background.warning,color; background; warning; [default]; [default],--ds-background-warning,#FFF5DB,"Use for backgrounds communicating caution, such as in warning section messages.",#FFF5DB,"The color for backgrounds. Use for areas behind content (e.g. color.background.neutral, color.background.selected)",background-color,token-metadata.codegen.js
color.background.warning.hovered,color; background; warning; [default]; hovered,--ds-background-warning-hovered,#FCE4A6,Hovered state for color.background.warning,#FCE4A6,"The color for backgrounds. Use for areas behind content (e.g. color.background.neutral, color.background.selected)",background-color,token-metadata.codegen.js
color.background.warning.pressed,color; background; warning; [default]; pressed,--ds-background-warning-pressed,#FBD779,Pressed state for color.background.warning,#FBD779,"The color for backgrounds. Use for areas behind content (e.g. color.background.neutral, color.background.selected)",background-color,token-metadata.codegen.js
color.background.warning.subtler,color; background; warning; subtler; [default],--ds-background-warning-subtler,#FCE4A6,Use for backgrounds of warning lozenges and badges to ensure accessibility and desired visual appearance.,#FCE4A6,"The color for backgrounds. Use for areas behind content (e.g. color.background.neutral, color.background.selected)",background-color,token-metadata.codegen.js
color.background.warning.subtler.hovered,color; background; warning; subtler; hovered,--ds-background-warning-subtler-hovered,#FBD779,Hovered state of color.background.warning.subtler,#FBD779,"The color for backgrounds. Use for areas behind content (e.g. color.background.neutral, color.background.selected)",background-color,token-metadata.codegen.js
color.background.warning.subtler.pressed,color; background; warning; subtler; pressed,--ds-background-warning-subtler-pressed,#FBC828,Pressed state of color.background.warning.subtler,#FBC828,"The color for backgrounds. Use for areas behind content (e.g. color.background.neutral, color.background.selected)",background-color,token-metadata.codegen.js
color.background.warning.subtle,color; background; warning; subtle; [default],--ds-background-warning-subtle,#FBD779,"Background colour for non-interactive elements communicating caution (e.g. status pills, callout chips). Sits between subtler and bold in visual emphasis. Not for interactive surfaces — see color.background.warning.bold or color.background.warning.subtler for interactive states.",#FBD779,"The color for backgrounds. Use for areas behind content (e.g. color.background.neutral, color.background.selected)",background-color,token-metadata.codegen.js
color.background.warning.bold,color; background; warning; bold; [default],--ds-background-warning-bold,#FBC828,"A vibrant background option for communicating caution, such as in warning buttons and warning banners.",#FBC828,"The color for backgrounds. Use for areas behind content (e.g. color.background.neutral, color.background.selected)",background-color,token-metadata.codegen.js
color.background.warning.bold.hovered,color; background; warning; bold; hovered,--ds-background-warning-bold-hovered,#FCA700,Hovered state of color.background.warning.bold,#FCA700,"The color for backgrounds. Use for areas behind content (e.g. color.background.neutral, color.background.selected)",background-color,token-metadata.codegen.js
color.background.warning.bold.pressed,color; background; warning; bold; pressed,--ds-background-warning-bold-pressed,#F68909,Pressed state of color.background.warning.bold,#F68909,"The color for backgrounds. Use for areas behind content (e.g. color.background.neutral, color.background.selected)",background-color,token-metadata.codegen.js
color.background.success,color; background; success; [default]; [default],--ds-background-success,#EFFFD6,"Use for backgrounds communicating a favorable outcome, such as in success section messages.",#EFFFD6,"The color for backgrounds. Use for areas behind content (e.g. color.background.neutral, color.background.selected)",background-color,token-metadata.codegen.js
color.background.success.hovered,color; background; success; [default]; hovered,--ds-background-success-hovered,#D3F1A7,Hovered state for color.background.success,#D3F1A7,"The color for backgrounds. Use for areas behind content (e.g. color.background.neutral, color.background.selected)",background-color,token-metadata.codegen.js
color.background.success.pressed,color; background; success; [default]; pressed,--ds-background-success-pressed,#BDE97C,Pressed state for color.background.success,#BDE97C,"The color for backgrounds. Use for areas behind content (e.g. color.background.neutral, color.background.selected)",background-color,token-metadata.codegen.js
color.background.success.subtler,color; background; success; subtler; [default],--ds-background-success-subtler,#D3F1A7,Use for backgrounds of success lozenges and badges to ensure accessibility and desired visual appearance.,#D3F1A7,"The color for backgrounds. Use for areas behind content (e.g. color.background.neutral, color.background.selected)",background-color,token-metadata.codegen.js
color.background.success.subtler.hovered,color; background; success; subtler; hovered,--ds-background-success-subtler-hovered,#BDE97C,Hovered state of color.background.success.subtler,#BDE97C,"The color for backgrounds. Use for areas behind content (e.g. color.background.neutral, color.background.selected)",background-color,token-metadata.codegen.js
color.background.success.subtler.pressed,color; background; success; subtler; pressed,--ds-background-success-subtler-pressed,#B3DF72,Pressed state of color.background.success.subtler,#B3DF72,"The color for backgrounds. Use for areas behind content (e.g. color.background.neutral, color.background.selected)",background-color,token-metadata.codegen.js
color.background.success.subtle,color; background; success; subtle; [default],--ds-background-success-subtle,#B3DF72,"Background colour for non-interactive elements communicating success (e.g. semantic badges, status pills, callout chips). Sits between subtler and bold in visual emphasis. Not for interactive surfaces — see color.background.success.bold or color.background.success.subtler for interactive states.",#B3DF72,"The color for backgrounds. Use for areas behind content (e.g. color.background.neutral, color.background.selected)",background-color,token-metadata.codegen.js
color.background.success.bold,color; background; success; bold; [default],--ds-background-success-bold,#5B7F24,"A vibrant background option for communicating a favorable outcome, such as in checked toggles.",#5B7F24,"The color for backgrounds. Use for areas behind content (e.g. color.background.neutral, color.background.selected)",background-color,token-metadata.codegen.js
color.background.success.bold.hovered,color; background; success; bold; hovered,--ds-background-success-bold-hovered,#4C6B1F,Hovered state of color.background.success.bold,#4C6B1F,"The color for backgrounds. Use for areas behind content (e.g. color.background.neutral, color.background.selected)",background-color,token-metadata.codegen.js
color.background.success.bold.pressed,color; background; success; bold; pressed,--ds-background-success-bold-pressed,#3F5224,Pressed state of color.background.success.bold,#3F5224,"The color for backgrounds. Use for areas behind content (e.g. color.background.neutral, color.background.selected)",background-color,token-metadata.codegen.js
color.background.discovery,color; background; discovery; [default]; [default],--ds-background-discovery,#F8EEFE,"Use for backgrounds communicating change or something new, such as in discovery section messages.",#F8EEFE,"The color for backgrounds. Use for areas behind content (e.g. color.background.neutral, color.background.selected)",background-color,token-metadata.codegen.js
color.background.discovery.hovered,color; background; discovery; [default]; hovered,--ds-background-discovery-hovered,#EED7FC,Hover state for color.background.discovery,#EED7FC,"The color for backgrounds. Use for areas behind content (e.g. color.background.neutral, color.background.selected)",background-color,token-metadata.codegen.js
color.background.discovery.pressed,color; background; discovery; [default]; pressed,--ds-background-discovery-pressed,#E3BDFA,Pressed state for color.background.discovery,#E3BDFA,"The color for backgrounds. Use for areas behind content (e.g. color.background.neutral, color.background.selected)",background-color,token-metadata.codegen.js
color.background.discovery.subtler,color; background; discovery; subtler; [default],--ds-background-discovery-subtler,#EED7FC,Use for backgrounds of discovery lozenges and badges to ensure accessibility and desired visual appearance.,#EED7FC,"The color for backgrounds. Use for areas behind content (e.g. color.background.neutral, color.background.selected)",background-color,token-metadata.codegen.js
color.background.discovery.subtler.hovered,color; background; discovery; subtler; hovered,--ds-background-discovery-subtler-hovered,#E3BDFA,Hovered state of color.background.discovery.subtler,#E3BDFA,"The color for backgrounds. Use for areas behind content (e.g. color.background.neutral, color.background.selected)",background-color,token-metadata.codegen.js
color.background.discovery.subtler.pressed,color; background; discovery; subtler; pressed,--ds-background-discovery-subtler-pressed,#D8A0F7,Pressed state of color.background.discovery.subtler,#D8A0F7,"The color for backgrounds. Use for areas behind content (e.g. color.background.neutral, color.background.selected)",background-color,token-metadata.codegen.js
color.background.discovery.subtle,color; background; discovery; subtle; [default],--ds-background-discovery-subtle,#D8A0F7,"Background colour for non-interactive elements communicating discovery (e.g. semantic badges, status pills, callout chips). Sits between subtler and bold in visual emphasis. Not for interactive surfaces — see color.background.discovery.bold or color.background.discovery.subtler for interactive states.",#D8A0F7,"The color for backgrounds. Use for areas behind content (e.g. color.background.neutral, color.background.selected)",background-color,token-metadata.codegen.js
color.background.discovery.bold,color; background; discovery; bold; [default],--ds-background-discovery-bold,#964AC0,"A vibrant background option communicating change or something new, such as in onboarding spotlights.",#964AC0,"The color for backgrounds. Use for areas behind content (e.g. color.background.neutral, color.background.selected)",background-color,token-metadata.codegen.js
color.background.discovery.bold.hovered,color; background; discovery; bold; hovered,--ds-background-discovery-bold-hovered,#803FA5,Hovered state of color.background.discovery.bold,#803FA5,"The color for backgrounds. Use for areas behind content (e.g. color.background.neutral, color.background.selected)",background-color,token-metadata.codegen.js
color.background.discovery.bold.pressed,color; background; discovery; bold; pressed,--ds-background-discovery-bold-pressed,#673286,Pressed state of color.background.discovery.bold,#673286,"The color for backgrounds. Use for areas behind content (e.g. color.background.neutral, color.background.selected)",background-color,token-metadata.codegen.js
color.background.information,color; background; information; [default]; [default],--ds-background-information,#E9F2FE,"Use for backgrounds communicating information or something in-progress, such as in information section messages.",#E9F2FE,"The color for backgrounds. Use for areas behind content (e.g. color.background.neutral, color.background.selected)",background-color,token-metadata.codegen.js
color.background.information.hovered,color; background; information; [default]; hovered,--ds-background-information-hovered,#CFE1FD,Hovered state of color.background.information,#CFE1FD,"The color for backgrounds. Use for areas behind content (e.g. color.background.neutral, color.background.selected)",background-color,token-metadata.codegen.js
color.background.information.pressed,color; background; information; [default]; pressed,--ds-background-information-pressed,#ADCBFB,Pressed state of color.background.information,#ADCBFB,"The color for backgrounds. Use for areas behind content (e.g. color.background.neutral, color.background.selected)",background-color,token-metadata.codegen.js
color.background.information.subtler,color; background; information; subtler; [default],--ds-background-information-subtler,#CFE1FD,Use for backgrounds of information lozenges and badges to ensure accessibility and desired visual appearance.,#CFE1FD,"The color for backgrounds. Use for areas behind content (e.g. color.background.neutral, color.background.selected)",background-color,token-metadata.codegen.js
color.background.information.subtler.hovered,color; background; information; subtler; hovered,--ds-background-information-subtler-hovered,#ADCBFB,Hovered state of color.background.information.subtler,#ADCBFB,"The color for backgrounds. Use for areas behind content (e.g. color.background.neutral, color.background.selected)",background-color,token-metadata.codegen.js
color.background.information.subtler.pressed,color; background; information; subtler; pressed,--ds-background-information-subtler-pressed,#8FB8F6,Pressed state of color.background.information.subtler,#8FB8F6,"The color for backgrounds. Use for areas behind content (e.g. color.background.neutral, color.background.selected)",background-color,token-metadata.codegen.js
color.background.information.subtle,color; background; information; subtle; [default],--ds-background-information-subtle,#8FB8F6,"Background colour for non-interactive elements communicating information (e.g. semantic badges, status pills, callout chips). Sits between subtler and bold in visual emphasis. Not for interactive surfaces — see color.background.information.bold or color.background.information.subtler for interactive states.",#8FB8F6,"The color for backgrounds. Use for areas behind content (e.g. color.background.neutral, color.background.selected)",background-color,token-metadata.codegen.js
color.background.information.bold,color; background; information; bold; [default],--ds-background-information-bold,#1868DB,A vibrant background option for communicating information or something in-progress.,#1868DB,"The color for backgrounds. Use for areas behind content (e.g. color.background.neutral, color.background.selected)",background-color,token-metadata.codegen.js
color.background.information.bold.hovered,color; background; information; bold; hovered,--ds-background-information-bold-hovered,#1558BC,Hovered state of color.background.information.bold,#1558BC,"The color for backgrounds. Use for areas behind content (e.g. color.background.neutral, color.background.selected)",background-color,token-metadata.codegen.js
color.background.information.bold.pressed,color; background; information; bold; pressed,--ds-background-information-bold-pressed,#144794,Pressed state of color.background.information.bold,#144794,"The color for backgrounds. Use for areas behind content (e.g. color.background.neutral, color.background.selected)",background-color,token-metadata.codegen.js
color.border,color; border; [default],--ds-border,#0B120E24,"Use to visually group or separate UI elements, such as flat cards or side panel dividers.",#0B120E24,"The color for borders or outlines. Use for border and outline colors on components (e.g. color.border, color.border.focused)",border-color; outline-color,token-metadata.codegen.js
color.border.accent.lime,color; border; accent; lime; [default],--ds-border-accent-lime,#6A9A23,Use for lime borders on non-bold backgrounds when there is no meaning tied to the color.,#6A9A23,"The color for borders or outlines. Use for border and outline colors on components (e.g. color.border, color.border.focused)",border-color; outline-color,token-metadata.codegen.js
color.border.accent.lime.subtle,color; border; accent; lime; subtle,--ds-border-accent-lime-subtle,#B3DF72,Use for decorative lime borders that do not need to meet 3:1 contrast requirements.,#B3DF72,"The color for borders or outlines. Use for border and outline colors on components (e.g. color.border, color.border.focused)",border-color; outline-color,token-metadata.codegen.js
color.border.accent.red,color; border; accent; red; [default],--ds-border-accent-red,#E2483D,Use for red borders on non-bold backgrounds when there is no meaning tied to the color.,#E2483D,"The color for borders or outlines. Use for border and outline colors on components (e.g. color.border, color.border.focused)",border-color; outline-color,token-metadata.codegen.js
color.border.accent.red.subtle,color; border; accent; red; subtle,--ds-border-accent-red-subtle,#FD9891,Use for decorative red borders that do not need to meet 3:1 contrast requirements.,#FD9891,"The color for borders or outlines. Use for border and outline colors on components (e.g. color.border, color.border.focused)",border-color; outline-color,token-metadata.codegen.js
color.border.accent.orange,color; border; accent; orange; [default],--ds-border-accent-orange,#E06C00,Use for orange borders on non-bold backgrounds when there is no meaning tied to the color.,#E06C00,"The color for borders or outlines. Use for border and outline colors on components (e.g. color.border, color.border.focused)",border-color; outline-color,token-metadata.codegen.js
color.border.accent.orange.subtle,color; border; accent; orange; subtle,--ds-border-accent-orange-subtle,#FBC828,Use for decorative orange borders that do not need to meet 3:1 contrast requirements.,#FBC828,"The color for borders or outlines. Use for border and outline colors on components (e.g. color.border, color.border.focused)",border-color; outline-color,token-metadata.codegen.js
color.border.accent.yellow,color; border; accent; yellow; [default],--ds-border-accent-yellow,#B38600,Use for yellow borders on non-bold backgrounds when there is no meaning tied to the color.,#B38600,"The color for borders or outlines. Use for border and outline colors on components (e.g. color.border, color.border.focused)",border-color; outline-color,token-metadata.codegen.js
color.border.accent.yellow.subtle,color; border; accent; yellow; subtle,--ds-border-accent-yellow-subtle,#EED12B,Use for decorative yellow borders that do not need to meet 3:1 contrast requirements.,#EED12B,"The color for borders or outlines. Use for border and outline colors on components (e.g. color.border, color.border.focused)",border-color; outline-color,token-metadata.codegen.js
color.border.accent.green,color; border; accent; green; [default],--ds-border-accent-green,#22A06B,Use for green borders on non-bold backgrounds when there is no meaning tied to the color.,#22A06B,"The color for borders or outlines. Use for border and outline colors on components (e.g. color.border, color.border.focused)",border-color; outline-color,token-metadata.codegen.js
color.border.accent.green.subtle,color; border; accent; green; subtle,--ds-border-accent-green-subtle,#7EE2B8,Use for decorative green borders that do not need to meet 3:1 contrast requirements.,#7EE2B8,"The color for borders or outlines. Use for border and outline colors on components (e.g. color.border, color.border.focused)",border-color; outline-color,token-metadata.codegen.js
color.border.accent.teal,color; border; accent; teal; [default],--ds-border-accent-teal,#2898BD,Use for teal borders on non-bold backgrounds when there is no meaning tied to the color.,#2898BD,"The color for borders or outlines. Use for border and outline colors on components (e.g. color.border, color.border.focused)",border-color; outline-color,token-metadata.codegen.js
color.border.accent.teal.subtle,color; border; accent; teal; subtle,--ds-border-accent-teal-subtle,#9DD9EE,Use for decorative teal borders that do not need to meet 3:1 contrast requirements.,#9DD9EE,"The color for borders or outlines. Use for border and outline colors on components (e.g. color.border, color.border.focused)",border-color; outline-color,token-metadata.codegen.js
color.border.accent.blue,color; border; accent; blue; [default],--ds-border-accent-blue,#357DE8,Use for blue borders on non-bold backgrounds when there is no meaning tied to the color.,#357DE8,"The color for borders or outlines. Use for border and outline colors on components (e.g. color.border, color.border.focused)",border-color; outline-color,token-metadata.codegen.js
color.border.accent.blue.subtle,color; border; accent; blue; subtle,--ds-border-accent-blue-subtle,#8FB8F6,Use for decorative blue borders that do not need to meet 3:1 contrast requirements.,#8FB8F6,"The color for borders or outlines. Use for border and outline colors on components (e.g. color.border, color.border.focused)",border-color; outline-color,token-metadata.codegen.js
color.border.accent.purple,color; border; accent; purple; [default],--ds-border-accent-purple,#AF59E1,Use for purple borders on non-bold backgrounds when there is no meaning tied to the color.,#AF59E1,"The color for borders or outlines. Use for border and outline colors on components (e.g. color.border, color.border.focused)",border-color; outline-color,token-metadata.codegen.js
color.border.accent.purple.subtle,color; border; accent; purple; subtle,--ds-border-accent-purple-subtle,#D8A0F7,Use for decorative purple borders that do not need to meet 3:1 contrast requirements.,#D8A0F7,"The color for borders or outlines. Use for border and outline colors on components (e.g. color.border, color.border.focused)",border-color; outline-color,token-metadata.codegen.js
color.border.accent.magenta,color; border; accent; magenta; [default],--ds-border-accent-magenta,#CD519D,Use for magenta borders on non-bold backgrounds when there is no meaning tied to the color.,#CD519D,"The color for borders or outlines. Use for border and outline colors on components (e.g. color.border, color.border.focused)",border-color; outline-color,token-metadata.codegen.js
color.border.accent.magenta.subtle,color; border; accent; magenta; subtle,--ds-border-accent-magenta-subtle,#F797D2,Use for decorative magenta borders that do not need to meet 3:1 contrast requirements.,#F797D2,"The color for borders or outlines. Use for border and outline colors on components (e.g. color.border, color.border.focused)",border-color; outline-color,token-metadata.codegen.js
color.border.accent.gray,color; border; accent; gray; [default],--ds-border-accent-gray,#7D818A,Use for borders on non-bold gray accent backgrounds.,#7D818A,"The color for borders or outlines. Use for border and outline colors on components (e.g. color.border, color.border.focused)",border-color; outline-color,token-metadata.codegen.js
color.border.accent.gray.subtle,color; border; accent; gray; subtle,--ds-border-accent-gray-subtle,#B7B9BE,Use for decorative gray borders that do not need to meet 3:1 contrast requirements.,#B7B9BE,"The color for borders or outlines. Use for border and outline colors on components (e.g. color.border, color.border.focused)",border-color; outline-color,token-metadata.codegen.js
color.border.disabled,color; border; disabled,--ds-border-disabled,#0515240F,Use for borders of elements in a disabled state.,#0515240F,"The color for borders or outlines. Use for border and outline colors on components (e.g. color.border, color.border.focused)",border-color; outline-color,token-metadata.codegen.js
color.border.focused,color; border; focused,--ds-border-focused,#4688EC,Use for focus rings of elements in a focus state.,#4688EC,"The color for borders or outlines. Use for border and outline colors on components (e.g. color.border, color.border.focused)",border-color; outline-color,token-metadata.codegen.js
color.border.input,color; border; input,--ds-border-input,#8C8F97,"Use for borders of form UI elements, such as text fields, checkboxes, and radio buttons.",#8C8F97,"The color for borders or outlines. Use for border and outline colors on components (e.g. color.border, color.border.focused)",border-color; outline-color,token-metadata.codegen.js
color.border.inverse,color; border; inverse,--ds-border-inverse,#FFFFFF,Use for borders on bold backgrounds.,#FFFFFF,"The color for borders or outlines. Use for border and outline colors on components (e.g. color.border, color.border.focused)",border-color; outline-color,token-metadata.codegen.js
color.border.selected,color; border; selected,--ds-border-selected,#1868DB,"Use for borders or visual indicators of elements in a selected or opened state, such as in tabs or menu items.",#1868DB,"The color for borders or outlines. Use for border and outline colors on components (e.g. color.border, color.border.focused)",border-color; outline-color,token-metadata.codegen.js
color.border.brand,color; border; brand,--ds-border-brand,#1868DB,"Use for borders or visual indicators of elements that reinforce our brand, such as logos or primary buttons.",#1868DB,"The color for borders or outlines. Use for border and outline colors on components (e.g. color.border, color.border.focused)",border-color; outline-color,token-metadata.codegen.js
color.border.danger,color; border; danger; [default],--ds-border-danger,#E2483D,"Use for borders communicating critical information, such as the borders on invalid text fields.",#E2483D,"The color for borders or outlines. Use for border and outline colors on components (e.g. color.border, color.border.focused)",border-color; outline-color,token-metadata.codegen.js
color.border.danger.subtle,color; border; danger; subtle,--ds-border-danger-subtle,#FD9891,Use for decorative danger borders that do not need to meet 3:1 contrast requirements.,#FD9891,"The color for borders or outlines. Use for border and outline colors on components (e.g. color.border, color.border.focused)",border-color; outline-color,token-metadata.codegen.js
color.border.warning,color; border; warning; [default],--ds-border-warning,#E06C00,Use for borders communicating caution.,#E06C00,"The color for borders or outlines. Use for border and outline colors on components (e.g. color.border, color.border.focused)",border-color; outline-color,token-metadata.codegen.js
color.border.warning.subtle,color; border; warning; subtle,--ds-border-warning-subtle,#FBC828,Use for decorative warning borders that do not need to meet 3:1 contrast requirements.,#FBC828,"The color for borders or outlines. Use for border and outline colors on components (e.g. color.border, color.border.focused)",border-color; outline-color,token-metadata.codegen.js
color.border.success,color; border; success; [default],--ds-border-success,#6A9A23,"Use for borders communicating a favorable outcome, such as the borders on validated text fields.",#6A9A23,"The color for borders or outlines. Use for border and outline colors on components (e.g. color.border, color.border.focused)",border-color; outline-color,token-metadata.codegen.js
color.border.success.subtle,color; border; success; subtle,--ds-border-success-subtle,#B3DF72,Use for decorative success borders that do not need to meet 3:1 contrast requirements.,#B3DF72,"The color for borders or outlines. Use for border and outline colors on components (e.g. color.border, color.border.focused)",border-color; outline-color,token-metadata.codegen.js
color.border.discovery,color; border; discovery; [default],--ds-border-discovery,#AF59E1,"Use for borders communicating change or something new, such as the borders in onboarding spotlights.",#AF59E1,"The color for borders or outlines. Use for border and outline colors on components (e.g. color.border, color.border.focused)",border-color; outline-color,token-metadata.codegen.js
color.border.discovery.subtle,color; border; discovery; subtle,--ds-border-discovery-subtle,#D8A0F7,Use for decorative discovery borders that do not need to meet 3:1 contrast requirements.,#D8A0F7,"The color for borders or outlines. Use for border and outline colors on components (e.g. color.border, color.border.focused)",border-color; outline-color,token-metadata.codegen.js
color.border.information,color; border; information; [default],--ds-border-information,#357DE8,Use for borders communicating information or something in-progress.,#357DE8,"The color for borders or outlines. Use for border and outline colors on components (e.g. color.border, color.border.focused)",border-color; outline-color,token-metadata.codegen.js
color.border.information.subtle,color; border; information; subtle,--ds-border-information-subtle,#8FB8F6,Use for decorative information borders that do not need to meet 3:1 contrast requirements.,#8FB8F6,"The color for borders or outlines. Use for border and outline colors on components (e.g. color.border, color.border.focused)",border-color; outline-color,token-metadata.codegen.js
color.border.bold,color; border; bold,--ds-border-bold,#7D818A,A neutral border option that passes min 3:1 contrast ratios.,#7D818A,"The color for borders or outlines. Use for border and outline colors on components (e.g. color.border, color.border.focused)",border-color; outline-color,token-metadata.codegen.js
color.text,color; text; [default],--ds-text,#292A2E,"Use for primary text, such as body copy, sentence case headers, and buttons.",#292A2E,"The color for standard text. Use for primary, readable text in most user interface situations (e.g. color.text, color.text.subtle)",color,token-metadata.codegen.js
color.text.accent.lime,color; text; accent; lime; [default],--ds-text-accent-lime,#4C6B1F,Use for lime text on subtlest and subtler lime accent backgrounds when there is no meaning tied to the color.,#4C6B1F,"The color for standard text. Use for primary, readable text in most user interface situations (e.g. color.text, color.text.subtle)",color,token-metadata.codegen.js
color.text.accent.lime.bolder,color; text; accent; lime; bolder,--ds-text-accent-lime-bolder,#37471F,Use for lime text on subtle lime accent backgrounds when there is no meaning tied to the color.,#37471F,"The color for standard text. Use for primary, readable text in most user interface situations (e.g. color.text, color.text.subtle)",color,token-metadata.codegen.js
color.text.accent.red,color; text; accent; red; [default],--ds-text-accent-red,#AE2E24,Use for red text on subtlest and subtler red accent backgrounds when there is no meaning tied to the color.,#AE2E24,"The color for standard text. Use for primary, readable text in most user interface situations (e.g. color.text, color.text.subtle)",color,token-metadata.codegen.js
color.text.accent.red.bolder,color; text; accent; red; bolder,--ds-text-accent-red-bolder,#5D1F1A,Use for red text on subtle red accent backgrounds when there is no meaning tied to the color.,#5D1F1A,"The color for standard text. Use for primary, readable text in most user interface situations (e.g. color.text, color.text.subtle)",color,token-metadata.codegen.js
color.text.accent.orange,color; text; accent; orange; [default],--ds-text-accent-orange,#9E4C00,Use for orange text on subtlest and subtler orange accent backgrounds when there is no meaning tied to the color.,#9E4C00,"The color for standard text. Use for primary, readable text in most user interface situations (e.g. color.text, color.text.subtle)",color,token-metadata.codegen.js
color.text.accent.orange.bolder,color; text; accent; orange; bolder,--ds-text-accent-orange-bolder,#693200,Use for orange text on subtle orange accent backgrounds when there is no meaning tied to the color.,#693200,"The color for standard text. Use for primary, readable text in most user interface situations (e.g. color.text, color.text.subtle)",color,token-metadata.codegen.js
color.text.accent.yellow,color; text; accent; yellow; [default],--ds-text-accent-yellow,#7F5F01,Use for yellow text on subtlest and subtler yellow accent backgrounds when there is no meaning tied to the color.,#7F5F01,"The color for standard text. Use for primary, readable text in most user interface situations (e.g. color.text, color.text.subtle)",color,token-metadata.codegen.js
color.text.accent.yellow.bolder,color; text; accent; yellow; bolder,--ds-text-accent-yellow-bolder,#533F04,Use for yellow text on subtle yellow accent backgrounds when there is no meaning tied to the color.,#533F04,"The color for standard text. Use for primary, readable text in most user interface situations (e.g. color.text, color.text.subtle)",color,token-metadata.codegen.js
color.text.accent.green,color; text; accent; green; [default],--ds-text-accent-green,#216E4E,Use for green text on subtlest and subtler green accent backgrounds when there is no meaning tied to the color.,#216E4E,"The color for standard text. Use for primary, readable text in most user interface situations (e.g. color.text, color.text.subtle)",color,token-metadata.codegen.js
color.text.accent.green.bolder,color; text; accent; green; bolder,--ds-text-accent-green-bolder,#164B35,Use for green text on subtle green accent backgrounds when there is no meaning tied to the color.,#164B35,"The color for standard text. Use for primary, readable text in most user interface situations (e.g. color.text, color.text.subtle)",color,token-metadata.codegen.js
color.text.accent.teal,color; text; accent; teal; [default],--ds-text-accent-teal,#206A83,Use for teal text on subtlest and subtler teal accent backgrounds when there is no meaning tied to the color.,#206A83,"The color for standard text. Use for primary, readable text in most user interface situations (e.g. color.text, color.text.subtle)",color,token-metadata.codegen.js
color.text.accent.teal.bolder,color; text; accent; teal; bolder,--ds-text-accent-teal-bolder,#164555,Use for teal text on subtle teal accent backgrounds when there is no meaning tied to the color.,#164555,"The color for standard text. Use for primary, readable text in most user interface situations (e.g. color.text, color.text.subtle)",color,token-metadata.codegen.js
color.text.accent.blue,color; text; accent; blue; [default],--ds-text-accent-blue,#1558BC,Use for blue text on subtlest and subtler blue accent backgrounds when there is no meaning tied to the color.,#1558BC,"The color for standard text. Use for primary, readable text in most user interface situations (e.g. color.text, color.text.subtle)",color,token-metadata.codegen.js
color.text.accent.blue.bolder,color; text; accent; blue; bolder,--ds-text-accent-blue-bolder,#123263,Use for blue text on subtle blue accent backgrounds when there is no meaning tied to the color.,#123263,"The color for standard text. Use for primary, readable text in most user interface situations (e.g. color.text, color.text.subtle)",color,token-metadata.codegen.js
color.text.accent.purple,color; text; accent; purple; [default],--ds-text-accent-purple,#803FA5,Use for purple text on subtlest and subtler purple accent backgrounds when there is no meaning tied to the color.,#803FA5,"The color for standard text. Use for primary, readable text in most user interface situations (e.g. color.text, color.text.subtle)",color,token-metadata.codegen.js
color.text.accent.purple.bolder,color; text; accent; purple; bolder,--ds-text-accent-purple-bolder,#48245D,Use for purple text on subtle purple accent backgrounds when there is no meaning tied to the color.,#48245D,"The color for standard text. Use for primary, readable text in most user interface situations (e.g. color.text, color.text.subtle)",color,token-metadata.codegen.js
color.text.accent.magenta,color; text; accent; magenta; [default],--ds-text-accent-magenta,#943D73,Use for magenta text on subtlest and subtler magenta accent backgrounds when there is no meaning tied to the color.,#943D73,"The color for standard text. Use for primary, readable text in most user interface situations (e.g. color.text, color.text.subtle)",color,token-metadata.codegen.js
color.text.accent.magenta.bolder,color; text; accent; magenta; bolder,--ds-text-accent-magenta-bolder,#50253F,Use for magenta text on subtle magenta accent backgrounds when there is no meaning tied to the color.,#50253F,"The color for standard text. Use for primary, readable text in most user interface situations (e.g. color.text, color.text.subtle)",color,token-metadata.codegen.js
color.text.accent.gray,color; text; accent; gray; [default],--ds-text-accent-gray,#505258,"Use for text on non-bold gray accent backgrounds, such as colored tags.",#505258,"The color for standard text. Use for primary, readable text in most user interface situations (e.g. color.text, color.text.subtle)",color,token-metadata.codegen.js
color.text.accent.gray.bolder,color; text; accent; gray; bolder,--ds-text-accent-gray-bolder,#1E1F21,Use for text and icons on gray subtle accent backgrounds.,#1E1F21,"The color for standard text. Use for primary, readable text in most user interface situations (e.g. color.text, color.text.subtle)",color,token-metadata.codegen.js
color.text.disabled,color; text; disabled,--ds-text-disabled,#080F214A,Use for text in a disabled state.,#080F214A,"The color for standard text. Use for primary, readable text in most user interface situations (e.g. color.text, color.text.subtle)",color,token-metadata.codegen.js
color.text.inverse,color; text; inverse,--ds-text-inverse,#FFFFFF,Use for text on bold backgrounds.,#FFFFFF,"The color for standard text. Use for primary, readable text in most user interface situations (e.g. color.text, color.text.subtle)",color,token-metadata.codegen.js
color.text.selected,color; text; selected,--ds-text-selected,#1868DB,"Use for text in selected or opened states, such as tabs and dropdown buttons.",#1868DB,"The color for standard text. Use for primary, readable text in most user interface situations (e.g. color.text, color.text.subtle)",color,token-metadata.codegen.js
color.text.brand,color; text; brand,--ds-text-brand,#1868DB,Use for text that reinforces our brand.,#1868DB,"The color for standard text. Use for primary, readable text in most user interface situations (e.g. color.text, color.text.subtle)",color,token-metadata.codegen.js
color.text.danger,color; text; danger; [default],--ds-text-danger,#AE2E24,"Use for critical text, such as input field error messaging.",#AE2E24,"The color for standard text. Use for primary, readable text in most user interface situations (e.g. color.text, color.text.subtle)",color,token-metadata.codegen.js
color.text.danger.bolder,color; text; danger; bolder,--ds-text-danger-bolder,#5D1F1A,Use for text on top of danger semantic labels to ensure accessibility and desired visual appearance.,#5D1F1A,"The color for standard text. Use for primary, readable text in most user interface situations (e.g. color.text, color.text.subtle)",color,token-metadata.codegen.js
color.text.warning,color; text; warning; [default],--ds-text-warning,#9E4C00,"Use for text to emphasize caution, such as in moved lozenges.",#9E4C00,"The color for standard text. Use for primary, readable text in most user interface situations (e.g. color.text, color.text.subtle)",color,token-metadata.codegen.js
color.text.warning.inverse,color; text; warning; inverse,--ds-text-warning-inverse,#292A2E,Use for text when on bold warning backgrounds.,#292A2E,"The color for standard text. Use for primary, readable text in most user interface situations (e.g. color.text, color.text.subtle)",color,token-metadata.codegen.js
color.text.warning.bolder,color; text; warning; bolder,--ds-text-warning-bolder,#693200,Use for text on top of warning semantic labels to ensure accessibility and desired visual appearance.,#693200,"The color for standard text. Use for primary, readable text in most user interface situations (e.g. color.text, color.text.subtle)",color,token-metadata.codegen.js
color.text.success,color; text; success; [default],--ds-text-success,#4C6B1F,"Use for text to communicate a favorable outcome, such as input field success messaging.",#4C6B1F,"The color for standard text. Use for primary, readable text in most user interface situations (e.g. color.text, color.text.subtle)",color,token-metadata.codegen.js
color.text.success.bolder,color; text; success; bolder,--ds-text-success-bolder,#37471F,Use for text on top of success semantic labels to ensure accessibility and desired visual appearance.,#37471F,"The color for standard text. Use for primary, readable text in most user interface situations (e.g. color.text, color.text.subtle)",color,token-metadata.codegen.js
color.text.discovery,color; text; discovery; [default],--ds-text-discovery,#803FA5,"Use for text to emphasize change or something new, such as in new lozenges.",#803FA5,"The color for standard text. Use for primary, readable text in most user interface situations (e.g. color.text, color.text.subtle)",color,token-metadata.codegen.js
color.text.discovery.bolder,color; text; discovery; bolder,--ds-text-discovery-bolder,#48245D,Use for text on top of discovery semantic labels to ensure accessibility and desired visual appearance.,#48245D,"The color for standard text. Use for primary, readable text in most user interface situations (e.g. color.text, color.text.subtle)",color,token-metadata.codegen.js
color.text.information,color; text; information; [default],--ds-text-information,#1558BC,"Use for informative text or to communicate something is in progress, such as in-progress lozenges.",#1558BC,"The color for standard text. Use for primary, readable text in most user interface situations (e.g. color.text, color.text.subtle)",color,token-metadata.codegen.js
color.text.information.bolder,color; text; information; bolder,--ds-text-information-bolder,#123263,Use for text on top of information semantic labels to ensure accessibility and desired visual appearance.,#123263,"The color for standard text. Use for primary, readable text in most user interface situations (e.g. color.text, color.text.subtle)",color,token-metadata.codegen.js
color.text.subtlest,color; text; subtlest,--ds-text-subtlest,#6B6E76,"Use for tertiary text, such as meta-data, breadcrumbs, input field placeholder and helper text.",#6B6E76,"The color for standard text. Use for primary, readable text in most user interface situations (e.g. color.text, color.text.subtle)",color,token-metadata.codegen.js
color.text.subtle,color; text; subtle,--ds-text-subtle,#505258,"Use for secondary text, such as navigation, subtle button links, input field labels, and all caps subheadings.",#505258,"The color for standard text. Use for primary, readable text in most user interface situations (e.g. color.text, color.text.subtle)",color,token-metadata.codegen.js
color.icon,color; icon; [default],--ds-icon,#292A2E,"Use for icon-only buttons, or icons paired with color.text",#292A2E,The color for icons. Use for graphical icon elements (e.g. color.icon.brand),color; fill; stroke,token-metadata.codegen.js
color.icon.accent.lime,color; icon; accent; lime,--ds-icon-accent-lime,#6A9A23,"Use for lime icons on non-bold backgrounds when there is no meaning tied to the color, such as file type icons.",#6A9A23,The color for icons. Use for graphical icon elements (e.g. color.icon.brand),color; fill; stroke,token-metadata.codegen.js
color.icon.accent.red,color; icon; accent; red,--ds-icon-accent-red,#C9372C,"Use for red icons on non-bold backgrounds when there is no meaning tied to the color, such as file type icons.",#C9372C,The color for icons. Use for graphical icon elements (e.g. color.icon.brand),color; fill; stroke,token-metadata.codegen.js
color.icon.accent.orange,color; icon; accent; orange,--ds-icon-accent-orange,#E06C00,"Use for orange icons on non-bold backgrounds when there is no meaning tied to the color, such as file type icons.",#E06C00,The color for icons. Use for graphical icon elements (e.g. color.icon.brand),color; fill; stroke,token-metadata.codegen.js
color.icon.accent.yellow,color; icon; accent; yellow,--ds-icon-accent-yellow,#B38600,"Use for yellow icons on non-bold backgrounds when there is no meaning tied to the color, such as file type icons.",#B38600,The color for icons. Use for graphical icon elements (e.g. color.icon.brand),color; fill; stroke,token-metadata.codegen.js
color.icon.accent.green,color; icon; accent; green,--ds-icon-accent-green,#22A06B,"Use for green icons on non-bold backgrounds when there is no meaning tied to the color, such as file type icons.",#22A06B,The color for icons. Use for graphical icon elements (e.g. color.icon.brand),color; fill; stroke,token-metadata.codegen.js
color.icon.accent.teal,color; icon; accent; teal,--ds-icon-accent-teal,#2898BD,"Use for teal icons on non-bold backgrounds when there is no meaning tied to the color, such as file type icons.",#2898BD,The color for icons. Use for graphical icon elements (e.g. color.icon.brand),color; fill; stroke,token-metadata.codegen.js
color.icon.accent.blue,color; icon; accent; blue,--ds-icon-accent-blue,#357DE8,"Use for blue icons on non-bold backgrounds when there is no meaning tied to the color, such as file type icons.",#357DE8,The color for icons. Use for graphical icon elements (e.g. color.icon.brand),color; fill; stroke,token-metadata.codegen.js
color.icon.accent.purple,color; icon; accent; purple,--ds-icon-accent-purple,#AF59E1,"Use for purple icons on non-bold backgrounds when there is no meaning tied to the color, such as file type icons.",#AF59E1,The color for icons. Use for graphical icon elements (e.g. color.icon.brand),color; fill; stroke,token-metadata.codegen.js
color.icon.accent.magenta,color; icon; accent; magenta,--ds-icon-accent-magenta,#CD519D,"Use for magenta icons on non-bold backgrounds when there is no meaning tied to the color, such as file type icons.",#CD519D,The color for icons. Use for graphical icon elements (e.g. color.icon.brand),color; fill; stroke,token-metadata.codegen.js
color.icon.accent.gray,color; icon; accent; gray,--ds-icon-accent-gray,#7D818A,"Use for icons on non-bold gray accent backgrounds, such as file type icons.",#7D818A,The color for icons. Use for graphical icon elements (e.g. color.icon.brand),color; fill; stroke,token-metadata.codegen.js
color.icon.disabled,color; icon; disabled,--ds-icon-disabled,#080F214A,Use for icons in a disabled state.,#080F214A,The color for icons. Use for graphical icon elements (e.g. color.icon.brand),color; fill; stroke,token-metadata.codegen.js
color.icon.inverse,color; icon; inverse,--ds-icon-inverse,#FFFFFF,Use for icons on bold backgrounds.,#FFFFFF,The color for icons. Use for graphical icon elements (e.g. color.icon.brand),color; fill; stroke,token-metadata.codegen.js
color.icon.selected,color; icon; selected,--ds-icon-selected,#1868DB,"Use for icons in selected or opened states, such as those used in dropdown buttons.",#1868DB,The color for icons. Use for graphical icon elements (e.g. color.icon.brand),color; fill; stroke,token-metadata.codegen.js
color.icon.brand,color; icon; brand,--ds-icon-brand,#1868DB,Use for icons that reinforce our brand.,#1868DB,The color for icons. Use for graphical icon elements (e.g. color.icon.brand),color; fill; stroke,token-metadata.codegen.js
color.icon.danger,color; icon; danger,--ds-icon-danger,#C9372C,"Use for icons communicating critical information, such as those used in error handing.",#C9372C,The color for icons. Use for graphical icon elements (e.g. color.icon.brand),color; fill; stroke,token-metadata.codegen.js
color.icon.warning,color; icon; warning; [default],--ds-icon-warning,#E06C00,"Use for icons communicating caution, such as those used in warning section messages.",#E06C00,The color for icons. Use for graphical icon elements (e.g. color.icon.brand),color; fill; stroke,token-metadata.codegen.js
color.icon.warning.inverse,color; icon; warning; inverse,--ds-icon-warning-inverse,#292A2E,Use for icons when on bold warning backgrounds.,#292A2E,The color for icons. Use for graphical icon elements (e.g. color.icon.brand),color; fill; stroke,token-metadata.codegen.js
color.icon.success,color; icon; success,--ds-icon-success,#6A9A23,"Use for icons communicating a favorable outcome, such as those used in success section messaged.",#6A9A23,The color for icons. Use for graphical icon elements (e.g. color.icon.brand),color; fill; stroke,token-metadata.codegen.js
color.icon.discovery,color; icon; discovery,--ds-icon-discovery,#AF59E1,"Use for icons communicating change or something new, such as discovery section messages.",#AF59E1,The color for icons. Use for graphical icon elements (e.g. color.icon.brand),color; fill; stroke,token-metadata.codegen.js
color.icon.information,color; icon; information,--ds-icon-information,#357DE8,"Use for icons communicating information or something in-progress, such as information section messages.",#357DE8,The color for icons. Use for graphical icon elements (e.g. color.icon.brand),color; fill; stroke,token-metadata.codegen.js
color.icon.subtlest,color; icon; subtlest,--ds-icon-subtlest,#6B6E76,Use for icons paired with color.text.subtlest,#6B6E76,The color for icons. Use for graphical icon elements (e.g. color.icon.brand),color; fill; stroke,token-metadata.codegen.js
color.icon.subtle,color; icon; subtle,--ds-icon-subtle,#505258,Use for icons paired with color.text.subtle,#505258,The color for icons. Use for graphical icon elements (e.g. color.icon.brand),color; fill; stroke,token-metadata.codegen.js
color.link,color; link; [default],--ds-link,#1868DB,Use for links in a default or hovered state. Add an underline for hovered states.,#1868DB,The color for hyperlinks. Use for elements that are links to external resources or navigation (e.g. color.link),color,token-metadata.codegen.js
color.link.pressed,color; link; pressed,--ds-link-pressed,#1558BC,Use for links in a pressed state.,#1558BC,The color for hyperlinks. Use for elements that are links to external resources or navigation (e.g. color.link),color,token-metadata.codegen.js
color.link.visited,color; link; visited; [default],--ds-link-visited,#803FA5,Use for visited links.,#803FA5,The color for hyperlinks. Use for elements that are links to external resources or navigation (e.g. color.link),color,token-metadata.codegen.js
color.link.visited.pressed,color; link; visited; pressed,--ds-link-visited-pressed,#48245D,Use for visited links in a pressed state.,#48245D,The color for hyperlinks. Use for elements that are links to external resources or navigation (e.g. color.link),color,token-metadata.codegen.js
color.interaction.hovered,color; interaction; hovered,--ds-interaction-hovered,#00000029,"Use as a background overlay for elements in a hovered state when their background color cannot change, such as avatars.",#00000029,"Transparent interaction states for use over elements when their background color cannot change, such as images and avatars.",background-color; border-color,token-metadata.codegen.js
color.interaction.pressed,color; interaction; pressed,--ds-interaction-pressed,#00000052,"Use as a background overlay for elements in a pressed state when their background color cannot change, such as avatars.",#00000052,"Transparent interaction states for use over elements when their background color cannot change, such as images and avatars.",background-color; border-color,token-metadata.codegen.js
color.skeleton,color; skeleton; [default],--ds-skeleton,#0515240F,Use for skeleton loading states,#0515240F,The color for skeleton/loading placeholders (e.g. color.skeleton),background-color,token-metadata.codegen.js
color.skeleton.subtle,color; skeleton; subtle,--ds-skeleton-subtle,#17171708,Use for the pulse or shimmer effect in skeleton loading states,#17171708,The color for skeleton/loading placeholders (e.g. color.skeleton),background-color,token-metadata.codegen.js
color.blanket,color; blanket; [default],--ds-blanket,#050C1F75,Use for the screen overlay that appears with modal dialogs,#050C1F75,"The color for overlay ""blankets"" such as modals/dimmers/overlays (e.g. color.blanket)",background-color,token-metadata.codegen.js
color.blanket.selected,color; blanket; selected,--ds-blanket-selected,#388BFF14,"Use as an overlay to communicate selected states when a simple background color change isn't possible, such as in Editor block elements",#388BFF14,"The color for overlay ""blankets"" such as modals/dimmers/overlays (e.g. color.blanket)",background-color,token-metadata.codegen.js
color.blanket.danger,color; blanket; danger,--ds-blanket-danger,#EF5C4814,"Use as an overlay to communicate danger states when a simple background color change isn't possible, such as deletion of Editor block elements",#EF5C4814,"The color for overlay ""blankets"" such as modals/dimmers/overlays (e.g. color.blanket)",background-color,token-metadata.codegen.js
color.chart.categorical.1,color; chart; categorical; 1; [default],--ds-chart-categorical-1,#357DE8,For data visualisation only. Follow numbered sequence.,#357DE8,The color for chart and data visualization elements (e.g. color.chart),fill; stroke; background-color; color,token-metadata.codegen.js
color.chart.categorical.1.hovered,color; chart; categorical; 1; hovered,--ds-chart-categorical-1-hovered,#1868DB,Hovered state of color.chart.categorical.1.,#1868DB,The color for chart and data visualization elements (e.g. color.chart),fill; stroke; background-color; color,token-metadata.codegen.js
color.chart.categorical.2,color; chart; categorical; 2; [default],--ds-chart-categorical-2,#82B536,For data visualisation only. Follow numbered sequence.,#82B536,The color for chart and data visualization elements (e.g. color.chart),fill; stroke; background-color; color,token-metadata.codegen.js
color.chart.categorical.2.hovered,color; chart; categorical; 2; hovered,--ds-chart-categorical-2-hovered,#6A9A23,Hovered state of color.chart.categorical.2.,#6A9A23,The color for chart and data visualization elements (e.g. color.chart),fill; stroke; background-color; color,token-metadata.codegen.js
color.chart.categorical.3,color; chart; categorical; 3; [default],--ds-chart-categorical-3,#BF63F3,For data visualisation only. Follow numbered sequence.,#BF63F3,The color for chart and data visualization elements (e.g. color.chart),fill; stroke; background-color; color,token-metadata.codegen.js
color.chart.categorical.3.hovered,color; chart; categorical; 3; hovered,--ds-chart-categorical-3-hovered,#AF59E1,Hovered state of color.chart.categorical.3.,#AF59E1,The color for chart and data visualization elements (e.g. color.chart),fill; stroke; background-color; color,token-metadata.codegen.js
color.chart.categorical.4,color; chart; categorical; 4; [default],--ds-chart-categorical-4,#F68909,For data visualisation only. Follow numbered sequence.,#F68909,The color for chart and data visualization elements (e.g. color.chart),fill; stroke; background-color; color,token-metadata.codegen.js
color.chart.categorical.4.hovered,color; chart; categorical; 4; hovered,--ds-chart-categorical-4-hovered,#E06C00,Hovered state of color.chart.categorical.4.,#E06C00,The color for chart and data visualization elements (e.g. color.chart),fill; stroke; background-color; color,token-metadata.codegen.js
color.chart.categorical.5,color; chart; categorical; 5; [default],--ds-chart-categorical-5,#1558BC,For data visualisation only. Follow numbered sequence.,#1558BC,The color for chart and data visualization elements (e.g. color.chart),fill; stroke; background-color; color,token-metadata.codegen.js
color.chart.categorical.5.hovered,color; chart; categorical; 5; hovered,--ds-chart-categorical-5-hovered,#123263,Hovered state of color.chart.categorical.5.,#123263,The color for chart and data visualization elements (e.g. color.chart),fill; stroke; background-color; color,token-metadata.codegen.js
color.chart.categorical.6,color; chart; categorical; 6; [default],--ds-chart-categorical-6,#964AC0,For data visualisation only. Follow numbered sequence.,#964AC0,The color for chart and data visualization elements (e.g. color.chart),fill; stroke; background-color; color,token-metadata.codegen.js
color.chart.categorical.6.hovered,color; chart; categorical; 6; hovered,--ds-chart-categorical-6-hovered,#803FA5,Hovered state of color.chart.categorical.6.,#803FA5,The color for chart and data visualization elements (e.g. color.chart),fill; stroke; background-color; color,token-metadata.codegen.js
color.chart.categorical.7,color; chart; categorical; 7; [default],--ds-chart-categorical-7,#42B2D7,For data visualisation only. Follow numbered sequence.,#42B2D7,The color for chart and data visualization elements (e.g. color.chart),fill; stroke; background-color; color,token-metadata.codegen.js
color.chart.categorical.7.hovered,color; chart; categorical; 7; hovered,--ds-chart-categorical-7-hovered,#2898BD,Hovered state of color.chart.categorical.7.,#2898BD,The color for chart and data visualization elements (e.g. color.chart),fill; stroke; background-color; color,token-metadata.codegen.js
color.chart.categorical.8,color; chart; categorical; 8; [default],--ds-chart-categorical-8,#BD5B00,For data visualisation only. Follow numbered sequence.,#BD5B00,The color for chart and data visualization elements (e.g. color.chart),fill; stroke; background-color; color,token-metadata.codegen.js
color.chart.categorical.8.hovered,color; chart; categorical; 8; hovered,--ds-chart-categorical-8-hovered,#7A3B00,Hovered state of color.chart.categorical.8.,#7A3B00,The color for chart and data visualization elements (e.g. color.chart),fill; stroke; background-color; color,token-metadata.codegen.js
color.chart.lime.bold,color; chart; lime; bold; [default],--ds-chart-lime-bold,#6A9A23,For data visualisation only.,#6A9A23,The color for chart and data visualization elements (e.g. color.chart),fill; stroke; background-color; color,token-metadata.codegen.js
color.chart.lime.bold.hovered,color; chart; lime; bold; hovered,--ds-chart-lime-bold-hovered,#5B7F24,Hovered state of color.chart.lime.bold.,#5B7F24,The color for chart and data visualization elements (e.g. color.chart),fill; stroke; background-color; color,token-metadata.codegen.js
color.chart.lime.bolder,color; chart; lime; bolder; [default],--ds-chart-lime-bolder,#5B7F24,For data visualisation only.,#5B7F24,The color for chart and data visualization elements (e.g. color.chart),fill; stroke; background-color; color,token-metadata.codegen.js
color.chart.lime.bolder.hovered,color; chart; lime; bolder; hovered,--ds-chart-lime-bolder-hovered,#4C6B1F,Hovered state of color.chart.lime.bolder.,#4C6B1F,The color for chart and data visualization elements (e.g. color.chart),fill; stroke; background-color; color,token-metadata.codegen.js
color.chart.lime.boldest,color; chart; lime; boldest; [default],--ds-chart-lime-boldest,#4C6B1F,For data visualisation only.,#4C6B1F,The color for chart and data visualization elements (e.g. color.chart),fill; stroke; background-color; color,token-metadata.codegen.js
color.chart.lime.boldest.hovered,color; chart; lime; boldest; hovered,--ds-chart-lime-boldest-hovered,#37471F,Hovered state of color.chart.lime.boldest.,#37471F,The color for chart and data visualization elements (e.g. color.chart),fill; stroke; background-color; color,token-metadata.codegen.js
color.chart.neutral,color; chart; neutral; [default],--ds-chart-neutral,#8C8F97,A secondary color for data visualisation or to communicate 'to-do' statues.,#8C8F97,The color for chart and data visualization elements (e.g. color.chart),fill; stroke; background-color; color,token-metadata.codegen.js
color.chart.neutral.hovered,color; chart; neutral; hovered,--ds-chart-neutral-hovered,#7D818A,Hovered state of color.chart.neutral.,#7D818A,The color for chart and data visualization elements (e.g. color.chart),fill; stroke; background-color; color,token-metadata.codegen.js
color.chart.red.bold,color; chart; red; bold; [default],--ds-chart-red-bold,#F15B50,For data visualisation only.,#F15B50,The color for chart and data visualization elements (e.g. color.chart),fill; stroke; background-color; color,token-metadata.codegen.js
color.chart.red.bold.hovered,color; chart; red; bold; hovered,--ds-chart-red-bold-hovered,#E2483D,Hovered state of color.chart.red.bold.,#E2483D,The color for chart and data visualization elements (e.g. color.chart),fill; stroke; background-color; color,token-metadata.codegen.js
color.chart.red.bolder,color; chart; red; bolder; [default],--ds-chart-red-bolder,#E2483D,For data visualisation only.,#E2483D,The color for chart and data visualization elements (e.g. color.chart),fill; stroke; background-color; color,token-metadata.codegen.js
color.chart.red.bolder.hovered,color; chart; red; bolder; hovered,--ds-chart-red-bolder-hovered,#C9372C,Hovered state of color.chart.red.bolder.,#C9372C,The color for chart and data visualization elements (e.g. color.chart),fill; stroke; background-color; color,token-metadata.codegen.js
color.chart.red.boldest,color; chart; red; boldest; [default],--ds-chart-red-boldest,#AE2E24,For data visualisation only.,#AE2E24,The color for chart and data visualization elements (e.g. color.chart),fill; stroke; background-color; color,token-metadata.codegen.js
color.chart.red.boldest.hovered,color; chart; red; boldest; hovered,--ds-chart-red-boldest-hovered,#5D1F1A,Hovered state of color.chart.red.boldest.,#5D1F1A,The color for chart and data visualization elements (e.g. color.chart),fill; stroke; background-color; color,token-metadata.codegen.js
color.chart.orange.bold,color; chart; orange; bold; [default],--ds-chart-orange-bold,#E06C00,For data visualisation only.,#E06C00,The color for chart and data visualization elements (e.g. color.chart),fill; stroke; background-color; color,token-metadata.codegen.js
color.chart.orange.bold.hovered,color; chart; orange; bold; hovered,--ds-chart-orange-bold-hovered,#BD5B00,Hovered state of color.chart.orange.bold.,#BD5B00,The color for chart and data visualization elements (e.g. color.chart),fill; stroke; background-color; color,token-metadata.codegen.js
color.chart.orange.bolder,color; chart; orange; bolder; [default],--ds-chart-orange-bolder,#BD5B00,For data visualisation only.,#BD5B00,The color for chart and data visualization elements (e.g. color.chart),fill; stroke; background-color; color,token-metadata.codegen.js
color.chart.orange.bolder.hovered,color; chart; orange; bolder; hovered,--ds-chart-orange-bolder-hovered,#9E4C00,Hovered state of color.chart.orange.bolder.,#9E4C00,The color for chart and data visualization elements (e.g. color.chart),fill; stroke; background-color; color,token-metadata.codegen.js
color.chart.orange.boldest,color; chart; orange; boldest; [default],--ds-chart-orange-boldest,#7A3B00,For data visualisation only.,#7A3B00,The color for chart and data visualization elements (e.g. color.chart),fill; stroke; background-color; color,token-metadata.codegen.js
color.chart.orange.boldest.hovered,color; chart; orange; boldest; hovered,--ds-chart-orange-boldest-hovered,#693200,Hovered state of color.chart.orange.boldest.,#693200,The color for chart and data visualization elements (e.g. color.chart),fill; stroke; background-color; color,token-metadata.codegen.js
color.chart.yellow.bold,color; chart; yellow; bold; [default],--ds-chart-yellow-bold,#B38600,For data visualisation only.,#B38600,The color for chart and data visualization elements (e.g. color.chart),fill; stroke; background-color; color,token-metadata.codegen.js
color.chart.yellow.bold.hovered,color; chart; yellow; bold; hovered,--ds-chart-yellow-bold-hovered,#946F00,Hovered state of color.chart.yellow.bold.,#946F00,The color for chart and data visualization elements (e.g. color.chart),fill; stroke; background-color; color,token-metadata.codegen.js
color.chart.yellow.bolder,color; chart; yellow; bolder; [default],--ds-chart-yellow-bolder,#946F00,For data visualisation only.,#946F00,The color for chart and data visualization elements (e.g. color.chart),fill; stroke; background-color; color,token-metadata.codegen.js
color.chart.yellow.bolder.hovered,color; chart; yellow; bolder; hovered,--ds-chart-yellow-bolder-hovered,#7F5F01,Hovered state of color.chart.yellow.bolder.,#7F5F01,The color for chart and data visualization elements (e.g. color.chart),fill; stroke; background-color; color,token-metadata.codegen.js
color.chart.yellow.boldest,color; chart; yellow; boldest; [default],--ds-chart-yellow-boldest,#7F5F01,For data visualisation only.,#7F5F01,The color for chart and data visualization elements (e.g. color.chart),fill; stroke; background-color; color,token-metadata.codegen.js
color.chart.yellow.boldest.hovered,color; chart; yellow; boldest; hovered,--ds-chart-yellow-boldest-hovered,#533F04,Hovered state of color.chart.yellow.boldest.,#533F04,The color for chart and data visualization elements (e.g. color.chart),fill; stroke; background-color; color,token-metadata.codegen.js
color.chart.green.bold,color; chart; green; bold; [default],--ds-chart-green-bold,#22A06B,For data visualisation only.,#22A06B,The color for chart and data visualization elements (e.g. color.chart),fill; stroke; background-color; color,token-metadata.codegen.js
color.chart.green.bold.hovered,color; chart; green; bold; hovered,--ds-chart-green-bold-hovered,#1F845A,Hovered state of color.chart.green.bold.,#1F845A,The color for chart and data visualization elements (e.g. color.chart),fill; stroke; background-color; color,token-metadata.codegen.js
color.chart.green.bolder,color; chart; green; bolder; [default],--ds-chart-green-bolder,#1F845A,For data visualisation only.,#1F845A,The color for chart and data visualization elements (e.g. color.chart),fill; stroke; background-color; color,token-metadata.codegen.js
color.chart.green.bolder.hovered,color; chart; green; bolder; hovered,--ds-chart-green-bolder-hovered,#216E4E,Hovered state of color.chart.green.bolder.,#216E4E,The color for chart and data visualization elements (e.g. color.chart),fill; stroke; background-color; color,token-metadata.codegen.js
color.chart.green.boldest,color; chart; green; boldest; [default],--ds-chart-green-boldest,#216E4E,For data visualisation only.,#216E4E,The color for chart and data visualization elements (e.g. color.chart),fill; stroke; background-color; color,token-metadata.codegen.js
color.chart.green.boldest.hovered,color; chart; green; boldest; hovered,--ds-chart-green-boldest-hovered,#164B35,Hovered state of color.chart.green.boldest.,#164B35,The color for chart and data visualization elements (e.g. color.chart),fill; stroke; background-color; color,token-metadata.codegen.js
color.chart.teal.bold,color; chart; teal; bold; [default],--ds-chart-teal-bold,#2898BD,For data visualisation only.,#2898BD,The color for chart and data visualization elements (e.g. color.chart),fill; stroke; background-color; color,token-metadata.codegen.js
color.chart.teal.bold.hovered,color; chart; teal; bold; hovered,--ds-chart-teal-bold-hovered,#227D9B,Hovered state of color.chart.teal.bold.,#227D9B,The color for chart and data visualization elements (e.g. color.chart),fill; stroke; background-color; color,token-metadata.codegen.js
color.chart.teal.bolder,color; chart; teal; bolder; [default],--ds-chart-teal-bolder,#227D9B,For data visualisation only.,#227D9B,The color for chart and data visualization elements (e.g. color.chart),fill; stroke; background-color; color,token-metadata.codegen.js
color.chart.teal.bolder.hovered,color; chart; teal; bolder; hovered,--ds-chart-teal-bolder-hovered,#206A83,Hovered state of color.chart.teal.bolder.,#206A83,The color for chart and data visualization elements (e.g. color.chart),fill; stroke; background-color; color,token-metadata.codegen.js
color.chart.teal.boldest,color; chart; teal; boldest; [default],--ds-chart-teal-boldest,#206A83,For data visualisation only.,#206A83,The color for chart and data visualization elements (e.g. color.chart),fill; stroke; background-color; color,token-metadata.codegen.js
color.chart.teal.boldest.hovered,color; chart; teal; boldest; hovered,--ds-chart-teal-boldest-hovered,#164555,Hovered state of color.chart.teal.boldest.,#164555,The color for chart and data visualization elements (e.g. color.chart),fill; stroke; background-color; color,token-metadata.codegen.js
color.chart.blue.bold,color; chart; blue; bold; [default],--ds-chart-blue-bold,#4688EC,For data visualisation only.,#4688EC,The color for chart and data visualization elements (e.g. color.chart),fill; stroke; background-color; color,token-metadata.codegen.js
color.chart.blue.bold.hovered,color; chart; blue; bold; hovered,--ds-chart-blue-bold-hovered,#357DE8,Hovered state of color.chart.blue.bold.,#357DE8,The color for chart and data visualization elements (e.g. color.chart),fill; stroke; background-color; color,token-metadata.codegen.js
color.chart.blue.bolder,color; chart; blue; bolder; [default],--ds-chart-blue-bolder,#357DE8,For data visualisation only.,#357DE8,The color for chart and data visualization elements (e.g. color.chart),fill; stroke; background-color; color,token-metadata.codegen.js
color.chart.blue.bolder.hovered,color; chart; blue; bolder; hovered,--ds-chart-blue-bolder-hovered,#1868DB,Hovered state of color.chart.blue.bolder.,#1868DB,The color for chart and data visualization elements (e.g. color.chart),fill; stroke; background-color; color,token-metadata.codegen.js
color.chart.blue.boldest,color; chart; blue; boldest; [default],--ds-chart-blue-boldest,#1558BC,For data visualisation only.,#1558BC,The color for chart and data visualization elements (e.g. color.chart),fill; stroke; background-color; color,token-metadata.codegen.js
color.chart.blue.boldest.hovered,color; chart; blue; boldest; hovered,--ds-chart-blue-boldest-hovered,#123263,Hovered state of color.chart.blue.boldest.,#123263,The color for chart and data visualization elements (e.g. color.chart),fill; stroke; background-color; color,token-metadata.codegen.js
color.chart.purple.bold,color; chart; purple; bold; [default],--ds-chart-purple-bold,#BF63F3,For data visualisation only.,#BF63F3,The color for chart and data visualization elements (e.g. color.chart),fill; stroke; background-color; color,token-metadata.codegen.js
color.chart.purple.bold.hovered,color; chart; purple; bold; hovered,--ds-chart-purple-bold-hovered,#AF59E1,Hovered state of color.chart.purple.bold.,#AF59E1,The color for chart and data visualization elements (e.g. color.chart),fill; stroke; background-color; color,token-metadata.codegen.js
color.chart.purple.bolder,color; chart; purple; bolder; [default],--ds-chart-purple-bolder,#AF59E1,For data visualisation only.,#AF59E1,The color for chart and data visualization elements (e.g. color.chart),fill; stroke; background-color; color,token-metadata.codegen.js
color.chart.purple.bolder.hovered,color; chart; purple; bolder; hovered,--ds-chart-purple-bolder-hovered,#964AC0,Hovered state of color.chart.purple.bolder.,#964AC0,The color for chart and data visualization elements (e.g. color.chart),fill; stroke; background-color; color,token-metadata.codegen.js
color.chart.purple.boldest,color; chart; purple; boldest; [default],--ds-chart-purple-boldest,#803FA5,For data visualisation only.,#803FA5,The color for chart and data visualization elements (e.g. color.chart),fill; stroke; background-color; color,token-metadata.codegen.js
color.chart.purple.boldest.hovered,color; chart; purple; boldest; hovered,--ds-chart-purple-boldest-hovered,#48245D,Hovered state of color.chart.purple.boldest.,#48245D,The color for chart and data visualization elements (e.g. color.chart),fill; stroke; background-color; color,token-metadata.codegen.js
color.chart.magenta.bold,color; chart; magenta; bold; [default],--ds-chart-magenta-bold,#DA62AC,For data visualisation only.,#DA62AC,The color for chart and data visualization elements (e.g. color.chart),fill; stroke; background-color; color,token-metadata.codegen.js
color.chart.magenta.bold.hovered,color; chart; magenta; bold; hovered,--ds-chart-magenta-bold-hovered,#CD519D,Hovered state of color.chart.magenta.bold.,#CD519D,The color for chart and data visualization elements (e.g. color.chart),fill; stroke; background-color; color,token-metadata.codegen.js
color.chart.magenta.bolder,color; chart; magenta; bolder; [default],--ds-chart-magenta-bolder,#CD519D,For data visualisation only.,#CD519D,The color for chart and data visualization elements (e.g. color.chart),fill; stroke; background-color; color,token-metadata.codegen.js
color.chart.magenta.bolder.hovered,color; chart; magenta; bolder; hovered,--ds-chart-magenta-bolder-hovered,#AE4787,Hovered state of color.chart.magenta.bolder.,#AE4787,The color for chart and data visualization elements (e.g. color.chart),fill; stroke; background-color; color,token-metadata.codegen.js
color.chart.magenta.boldest,color; chart; magenta; boldest; [default],--ds-chart-magenta-boldest,#943D73,For data visualisation only.,#943D73,The color for chart and data visualization elements (e.g. color.chart),fill; stroke; background-color; color,token-metadata.codegen.js
color.chart.magenta.boldest.hovered,color; chart; magenta; boldest; hovered,--ds-chart-magenta-boldest-hovered,#50253F,Hovered state of color.chart.magenta.boldest.,#50253F,The color for chart and data visualization elements (e.g. color.chart),fill; stroke; background-color; color,token-metadata.codegen.js
color.chart.gray.bold,color; chart; gray; bold; [default],--ds-chart-gray-bold,#8C8F97,For data visualisation only.,#8C8F97,The color for chart and data visualization elements (e.g. color.chart),fill; stroke; background-color; color,token-metadata.codegen.js
color.chart.gray.bold.hovered,color; chart; gray; bold; hovered,--ds-chart-gray-bold-hovered,#7D818A,Hovered state of color.chart.gray.bold.,#7D818A,The color for chart and data visualization elements (e.g. color.chart),fill; stroke; background-color; color,token-metadata.codegen.js
color.chart.gray.bolder,color; chart; gray; bolder; [default],--ds-chart-gray-bolder,#7D818A,For data visualisation only.,#7D818A,The color for chart and data visualization elements (e.g. color.chart),fill; stroke; background-color; color,token-metadata.codegen.js
color.chart.gray.bolder.hovered,color; chart; gray; bolder; hovered,--ds-chart-gray-bolder-hovered,#6B6E76,Hovered state of color.chart.gray.bolder.,#6B6E76,The color for chart and data visualization elements (e.g. color.chart),fill; stroke; background-color; color,token-metadata.codegen.js
color.chart.gray.boldest,color; chart; gray; boldest; [default],--ds-chart-gray-boldest,#505258,For data visualisation only.,#505258,The color for chart and data visualization elements (e.g. color.chart),fill; stroke; background-color; color,token-metadata.codegen.js
color.chart.gray.boldest.hovered,color; chart; gray; boldest; hovered,--ds-chart-gray-boldest-hovered,#3B3D42,Hovered state of color.chart.gray.boldest.,#3B3D42,The color for chart and data visualization elements (e.g. color.chart),fill; stroke; background-color; color,token-metadata.codegen.js
color.chart.brand,color; chart; brand; [default],--ds-chart-brand,#357DE8,Our primary color for data visualisation. Use when only one color is required.,#357DE8,The color for chart and data visualization elements (e.g. color.chart),fill; stroke; background-color; color,token-metadata.codegen.js
color.chart.brand.hovered,color; chart; brand; hovered,--ds-chart-brand-hovered,#1868DB,Hovered state of color.chart.brand.,#1868DB,The color for chart and data visualization elements (e.g. color.chart),fill; stroke; background-color; color,token-metadata.codegen.js
color.chart.danger,color; chart; danger; [default]; [default],--ds-chart-danger,#E2483D,"For data visualisation communicating negative information, such as 'off track'.",#E2483D,The color for chart and data visualization elements (e.g. color.chart),fill; stroke; background-color; color,token-metadata.codegen.js
color.chart.danger.hovered,color; chart; danger; [default]; hovered,--ds-chart-danger-hovered,#C9372C,Hovered state of color.chart.danger.,#C9372C,The color for chart and data visualization elements (e.g. color.chart),fill; stroke; background-color; color,token-metadata.codegen.js
color.chart.danger.bold,color; chart; danger; bold; [default],--ds-chart-danger-bold,#872821,A stronger emphasis option of color.chart.danger.,#872821,The color for chart and data visualization elements (e.g. color.chart),fill; stroke; background-color; color,token-metadata.codegen.js
color.chart.danger.bold.hovered,color; chart; danger; bold; hovered,--ds-chart-danger-bold-hovered,#5D1F1A,Hovered state of color.chart.danger.bold.,#5D1F1A,The color for chart and data visualization elements (e.g. color.chart),fill; stroke; background-color; color,token-metadata.codegen.js
color.chart.warning,color; chart; warning; [default]; [default],--ds-chart-warning,#F68909,"For data visualisation communicating caution, such as 'at risk' statuses.",#F68909,The color for chart and data visualization elements (e.g. color.chart),fill; stroke; background-color; color,token-metadata.codegen.js
color.chart.warning.hovered,color; chart; warning; [default]; hovered,--ds-chart-warning-hovered,#E06C00,Hovered state of color.chart.warning.,#E06C00,The color for chart and data visualization elements (e.g. color.chart),fill; stroke; background-color; color,token-metadata.codegen.js
color.chart.warning.bold,color; chart; warning; bold; [default],--ds-chart-warning-bold,#BD5B00,A stronger emphasis option of color.chart.warning.,#BD5B00,The color for chart and data visualization elements (e.g. color.chart),fill; stroke; background-color; color,token-metadata.codegen.js
color.chart.warning.bold.hovered,color; chart; warning; bold; hovered,--ds-chart-warning-bold-hovered,#9E4C00,Hovered state of color.chart.warning.bold.,#9E4C00,The color for chart and data visualization elements (e.g. color.chart),fill; stroke; background-color; color,token-metadata.codegen.js
color.chart.success,color; chart; success; [default]; [default],--ds-chart-success,#82B536,"For data visualisation communicating positive information, such as 'on track'.",#82B536,The color for chart and data visualization elements (e.g. color.chart),fill; stroke; background-color; color,token-metadata.codegen.js
color.chart.success.hovered,color; chart; success; [default]; hovered,--ds-chart-success-hovered,#6A9A23,Hovered state of color.chart.success.,#6A9A23,The color for chart and data visualization elements (e.g. color.chart),fill; stroke; background-color; color,token-metadata.codegen.js
color.chart.success.bold,color; chart; success; bold; [default],--ds-chart-success-bold,#5B7F24,A stronger emphasis option of color.chart.success.,#5B7F24,The color for chart and data visualization elements (e.g. color.chart),fill; stroke; background-color; color,token-metadata.codegen.js
color.chart.success.bold.hovered,color; chart; success; bold; hovered,--ds-chart-success-bold-hovered,#4C6B1F,Hovered state of color.chart.success.bold.,#4C6B1F,The color for chart and data visualization elements (e.g. color.chart),fill; stroke; background-color; color,token-metadata.codegen.js
color.chart.discovery,color; chart; discovery; [default]; [default],--ds-chart-discovery,#BF63F3,For data visualisation communicating 'new' statuses.,#BF63F3,The color for chart and data visualization elements (e.g. color.chart),fill; stroke; background-color; color,token-metadata.codegen.js
color.chart.discovery.hovered,color; chart; discovery; [default]; hovered,--ds-chart-discovery-hovered,#AF59E1,Hovered state of color.chart.discovery.,#AF59E1,The color for chart and data visualization elements (e.g. color.chart),fill; stroke; background-color; color,token-metadata.codegen.js
color.chart.discovery.bold,color; chart; discovery; bold; [default],--ds-chart-discovery-bold,#803FA5,A stronger emphasis option of color.chart.discovery.,#803FA5,The color for chart and data visualization elements (e.g. color.chart),fill; stroke; background-color; color,token-metadata.codegen.js
color.chart.discovery.bold.hovered,color; chart; discovery; bold; hovered,--ds-chart-discovery-bold-hovered,#964AC0,Hovered state of color.chart.discovery.bold.,#964AC0,The color for chart and data visualization elements (e.g. color.chart),fill; stroke; background-color; color,token-metadata.codegen.js
color.chart.information,color; chart; information; [default]; [default],--ds-chart-information,#357DE8,For data visualisation communicating low priority or in-progress statuses.,#357DE8,The color for chart and data visualization elements (e.g. color.chart),fill; stroke; background-color; color,token-metadata.codegen.js
color.chart.information.hovered,color; chart; information; [default]; hovered,--ds-chart-information-hovered,#1868DB,Hovered state of color.chart.information.,#1868DB,The color for chart and data visualization elements (e.g. color.chart),fill; stroke; background-color; color,token-metadata.codegen.js
color.chart.information.bold,color; chart; information; bold; [default],--ds-chart-information-bold,#1558BC,A stronger emphasis option of color.chart.information.,#1558BC,The color for chart and data visualization elements (e.g. color.chart),fill; stroke; background-color; color,token-metadata.codegen.js
color.chart.information.bold.hovered,color; chart; information; bold; hovered,--ds-chart-information-bold-hovered,#123263,Hovered state of color.chart.information.bold.,#123263,The color for chart and data visualization elements (e.g. color.chart),fill; stroke; background-color; color,token-metadata.codegen.js
color.rovo.background.brand.bold,color; rovo; background; brand; bold; [default],--ds-rovo-background-brand-bold,#000000,Background color for Rovo brand emphasis.,#000000,"The color for backgrounds. Use for areas behind content (e.g. color.background.neutral, color.background.selected)",background-color,token-metadata.codegen.js
color.rovo.background.brand.bold.hovered,color; rovo; background; brand; bold; hovered,--ds-rovo-background-brand-bold-hovered,#1E1F21,Hovered state of color.rovo.background.brand.bold.,#1E1F21,"The color for backgrounds. Use for areas behind content (e.g. color.background.neutral, color.background.selected)",background-color,token-metadata.codegen.js
color.rovo.background.brand.bold.pressed,color; rovo; background; brand; bold; pressed,--ds-rovo-background-brand-bold-pressed,#292A2E,Pressed state of color.rovo.background.brand.bold.,#292A2E,"The color for backgrounds. Use for areas behind content (e.g. color.background.neutral, color.background.selected)",background-color,token-metadata.codegen.js
color.rovo.border.lime,color; rovo; border; lime,--ds-rovo-border-lime,#6A9A23,Use for Rovo lime borders.,#6A9A23,"The color for borders or outlines. Use for border and outline colors on components (e.g. color.border, color.border.focused)",border-color; outline-color,token-metadata.codegen.js
color.rovo.border.saffron,color; rovo; border; saffron,--ds-rovo-border-saffron,#FCA700,Use for Rovo saffron borders.,#FCA700,"The color for borders or outlines. Use for border and outline colors on components (e.g. color.border, color.border.focused)",border-color; outline-color,token-metadata.codegen.js
color.rovo.border.blue,color; rovo; border; blue,--ds-rovo-border-blue,#1868DB,Use for Rovo blue borders.,#1868DB,"The color for borders or outlines. Use for border and outline colors on components (e.g. color.border, color.border.focused)",border-color; outline-color,token-metadata.codegen.js
color.rovo.border.purple,color; rovo; border; purple,--ds-rovo-border-purple,#AF59E1,Use for Rovo purple borders.,#AF59E1,"The color for borders or outlines. Use for border and outline colors on components (e.g. color.border, color.border.focused)",border-color; outline-color,token-metadata.codegen.js
color.rovo.icon.lime,color; rovo; icon; lime,--ds-rovo-icon-lime,#6A9A23,Use for Rovo lime icons.,#6A9A23,The color for icons. Use for graphical icon elements (e.g. color.icon.brand),color; fill; stroke,token-metadata.codegen.js
color.rovo.icon.saffron,color; rovo; icon; saffron,--ds-rovo-icon-saffron,#FCA700,Use for Rovo saffron icons.,#FCA700,The color for icons. Use for graphical icon elements (e.g. color.icon.brand),color; fill; stroke,token-metadata.codegen.js
color.rovo.icon.blue,color; rovo; icon; blue,--ds-rovo-icon-blue,#1868DB,Use for Rovo blue icons.,#1868DB,The color for icons. Use for graphical icon elements (e.g. color.icon.brand),color; fill; stroke,token-metadata.codegen.js
color.rovo.icon.purple,color; rovo; icon; purple,--ds-rovo-icon-purple,#AF59E1,Use for Rovo purple icons.,#AF59E1,The color for icons. Use for graphical icon elements (e.g. color.icon.brand),color; fill; stroke,token-metadata.codegen.js
elevation.surface,elevation; surface; [default]; [default],--ds-surface,#FFFFFF,Use as the primary background for the UI.,#FFFFFF,The base color for app and component surfaces. Raised and overlay surfaces should be used in concert with shadows (e.g. elevation.surface.raised should be used with elevation.shadow.raised),background-color,token-metadata.codegen.js
elevation.surface.hovered,elevation; surface; [default]; hovered,--ds-surface-hovered,#F0F1F2,Hovered state of elevation.surface,#F0F1F2,The base color for app and component surfaces. Raised and overlay surfaces should be used in concert with shadows (e.g. elevation.surface.raised should be used with elevation.shadow.raised),background-color,token-metadata.codegen.js
elevation.surface.pressed,elevation; surface; [default]; pressed,--ds-surface-pressed,#DDDEE1,Pressed state of elevation.surface,#DDDEE1,The base color for app and component surfaces. Raised and overlay surfaces should be used in concert with shadows (e.g. elevation.surface.raised should be used with elevation.shadow.raised),background-color,token-metadata.codegen.js
elevation.surface.container,elevation; surface; container; [default],--ds-surface-container,#17171708,Use as a neutral container surface background.,#17171708,The base color for app and component surfaces. Raised and overlay surfaces should be used in concert with shadows (e.g. elevation.surface.raised should be used with elevation.shadow.raised),background-color,token-metadata.codegen.js
elevation.surface.container.hovered,elevation; surface; container; hovered,--ds-surface-container-hovered,#0515240F,Hovered state of elevation.surface.container,#0515240F,The base color for app and component surfaces. Raised and overlay surfaces should be used in concert with shadows (e.g. elevation.surface.raised should be used with elevation.shadow.raised),background-color,token-metadata.codegen.js
elevation.surface.container.pressed,elevation; surface; container; pressed,--ds-surface-container-pressed,#0B120E24,Pressed state of elevation.surface.container,#0B120E24,The base color for app and component surfaces. Raised and overlay surfaces should be used in concert with shadows (e.g. elevation.surface.raised should be used with elevation.shadow.raised),background-color,token-metadata.codegen.js
elevation.surface.overlay,elevation; surface; overlay; [default],--ds-surface-overlay,#FFFFFF,"Use for the background of elements that sit on top of they UI, such as modals, dialogs, dropdown menus, floating toolbars, and floating single-action buttons. Also use for the background of raised cards in a dragged state. Combine with elevation.shadow.overlay.",#FFFFFF,The base color for app and component surfaces. Raised and overlay surfaces should be used in concert with shadows (e.g. elevation.surface.raised should be used with elevation.shadow.raised),background-color,token-metadata.codegen.js
elevation.surface.overlay.hovered,elevation; surface; overlay; hovered,--ds-surface-overlay-hovered,#F0F1F2,Hovered state of elevation.surface.overlay,#F0F1F2,The base color for app and component surfaces. Raised and overlay surfaces should be used in concert with shadows (e.g. elevation.surface.raised should be used with elevation.shadow.raised),background-color,token-metadata.codegen.js
elevation.surface.overlay.pressed,elevation; surface; overlay; pressed,--ds-surface-overlay-pressed,#DDDEE1,Pressed state of elevation.surface.overlay,#DDDEE1,The base color for app and component surfaces. Raised and overlay surfaces should be used in concert with shadows (e.g. elevation.surface.raised should be used with elevation.shadow.raised),background-color,token-metadata.codegen.js
elevation.surface.raised,elevation; surface; raised; [default],--ds-surface-raised,#FFFFFF,"Use for the background of cards that can be moved, such as Jira cards on a Kanban board. Combine with elevation.shadow.raised.",#FFFFFF,The base color for app and component surfaces. Raised and overlay surfaces should be used in concert with shadows (e.g. elevation.surface.raised should be used with elevation.shadow.raised),background-color,token-metadata.codegen.js
elevation.surface.raised.hovered,elevation; surface; raised; hovered,--ds-surface-raised-hovered,#F0F1F2,Hovered state of elevation.surface.raised,#F0F1F2,The base color for app and component surfaces. Raised and overlay surfaces should be used in concert with shadows (e.g. elevation.surface.raised should be used with elevation.shadow.raised),background-color,token-metadata.codegen.js
elevation.surface.raised.pressed,elevation; surface; raised; pressed,--ds-surface-raised-pressed,#DDDEE1,Pressed state of elevation.surface.raised,#DDDEE1,The base color for app and component surfaces. Raised and overlay surfaces should be used in concert with shadows (e.g. elevation.surface.raised should be used with elevation.shadow.raised),background-color,token-metadata.codegen.js
elevation.surface.sunken,elevation; surface; sunken,--ds-surface-sunken,#F8F8F8,"A secondary background for the UI commonly used for grouping items, such as Jira cards in columns.",#F8F8F8,The base color for app and component surfaces. Raised and overlay surfaces should be used in concert with shadows (e.g. elevation.surface.raised should be used with elevation.shadow.raised),background-color,token-metadata.codegen.js
elevation.rovo.surface.overlay,elevation; rovo; surface; overlay; [default],--ds-rovo-surface-overlay,#F8F8F8,Use for Rovo overlay surface backgrounds.,#F8F8F8,The base color for app and component surfaces. Raised and overlay surfaces should be used in concert with shadows (e.g. elevation.surface.raised should be used with elevation.shadow.raised),background-color,token-metadata.codegen.js
elevation.rovo.surface.overlay.hovered,elevation; rovo; surface; overlay; hovered,--ds-rovo-surface-overlay-hovered,#F0F1F2,Hovered state of elevation.rovo.surface.overlay.,#F0F1F2,The base color for app and component surfaces. Raised and overlay surfaces should be used in concert with shadows (e.g. elevation.surface.raised should be used with elevation.shadow.raised),background-color,token-metadata.codegen.js
elevation.rovo.surface.overlay.pressed,elevation; rovo; surface; overlay; pressed,--ds-rovo-surface-overlay-pressed,#DDDEE1,Pressed state of elevation.rovo.surface.overlay.,#DDDEE1,The base color for app and component surfaces. Raised and overlay surfaces should be used in concert with shadows (e.g. elevation.surface.raised should be used with elevation.shadow.raised),background-color,token-metadata.codegen.js
elevation.shadow.overflow,elevation; shadow; overflow; [default],--ds-shadow-overflow,"0px 0px 8px #1E1F2129, 0px 0px 1px #1E1F211F",Use to create a shadow when content scrolls under other content.,"0px 0px 8px #1E1F2129, 0px 0px 1px #1E1F211F","Shadows for showing depth and elevation (e.g. elevation.shadow.raised, elevation.shadow.overlay). Use via the box-shadow property to indicate layer hierarchy",box-shadow,token-metadata.codegen.js
elevation.shadow.overflow.perimeter,elevation; shadow; overflow; perimeter,--ds-shadow-overflow-perimeter,#1E1F211f,Use only when elevation.shadow.overflow is not technically feasible to implement. Pair with elevation.shadow.overflow.spread to replicate the overflow shadow.,#1E1F211f,"Shadows for showing depth and elevation (e.g. elevation.shadow.raised, elevation.shadow.overlay). Use via the box-shadow property to indicate layer hierarchy",box-shadow,token-metadata.codegen.js
elevation.shadow.overflow.spread,elevation; shadow; overflow; spread,--ds-shadow-overflow-spread,#1E1F2129,Use only when elevation.shadow.overflow is not technically feasible to implement. Pair with elevation.shadow.overflow.perimeter to replicate the overflow shadow.,#1E1F2129,"Shadows for showing depth and elevation (e.g. elevation.shadow.raised, elevation.shadow.overlay). Use via the box-shadow property to indicate layer hierarchy",box-shadow,token-metadata.codegen.js
elevation.shadow.overlay,elevation; shadow; overlay,--ds-shadow-overlay,"0px 8px 12px #1E1F2126, 0px 0px 1px #1E1F214F","Use for the box shadow of elements that sit on top of the UI, such as modals, dropdown menus, flags, and inline dialogs. Combine with elevation.surface.overlay

Also use for the box shadow of raised cards in a dragged state.","0px 8px 12px #1E1F2126, 0px 0px 1px #1E1F214F","Shadows for showing depth and elevation (e.g. elevation.shadow.raised, elevation.shadow.overlay). Use via the box-shadow property to indicate layer hierarchy",box-shadow,token-metadata.codegen.js
elevation.shadow.raised,elevation; shadow; raised,--ds-shadow-raised,"0px 1px 1px #1E1F2140, 0px 0px 1px #1E1F214F","Use for the box shadow of raised card elements, such as Jira cards on a Kanban board. Combine with elevation.surface.raised","0px 1px 1px #1E1F2140, 0px 0px 1px #1E1F214F","Shadows for showing depth and elevation (e.g. elevation.shadow.raised, elevation.shadow.overlay). Use via the box-shadow property to indicate layer hierarchy",box-shadow,token-metadata.codegen.js
opacity.disabled,opacity; disabled,--ds-opacity-disabled,0.4,Apply to images when in a disabled state.,0.4,"Controls the transparency of an element (e.g. opacity.disabled, opacity.loading). Used for communication of loading and disabled states",opacity,token-metadata.codegen.js
opacity.loading,opacity; loading,--ds-opacity-loading,0.2,Apply to content that sits under a loading spinner.,0.2,"Controls the transparency of an element (e.g. opacity.disabled, opacity.loading). Used for communication of loading and disabled states",opacity,token-metadata.codegen.js
utility.UNSAFE.transparent,utility; UNSAFE; transparent,--ds-UNSAFE-transparent,transparent,Transparent token used for backwards compatibility between new and old theming solutions,transparent,Code-specific tokens to aid with migration or enable features such as automatic elevation detection,,token-metadata.codegen.js
utility.elevation.surface.current,utility; elevation; surface; current,--ds-elevation-surface-current,#FFFFFF,A dynamic token that represents the current surface color set by a parent element. It defaults to the 'elevation.surface' token value.,#FFFFFF,Code-specific tokens to aid with migration or enable features such as automatic elevation detection,,token-metadata.codegen.js
space.0,space; 0,--ds-space-0,0rem,Equates to `0`. Use for resetting default spacing styles.,0rem,"Spacing tokens define the distance, alignment, and layout positioning (e.g. space.100, space.200, space.050). Use for margin, padding, gap, and layout positioning such as top, left, etc",padding; margin; gap; top; left; right; bottom; inset,token-metadata.codegen.js
space.025,space; 025,--ds-space-025,0.125rem,Use for small and compact pieces of UI.,0.125rem,"Spacing tokens define the distance, alignment, and layout positioning (e.g. space.100, space.200, space.050). Use for margin, padding, gap, and layout positioning such as top, left, etc",padding; margin; gap; top; left; right; bottom; inset,token-metadata.codegen.js
space.050,space; 050,--ds-space-050,0.25rem,Use for small and compact pieces of UI.,0.25rem,"Spacing tokens define the distance, alignment, and layout positioning (e.g. space.100, space.200, space.050). Use for margin, padding, gap, and layout positioning such as top, left, etc",padding; margin; gap; top; left; right; bottom; inset,token-metadata.codegen.js
space.075,space; 075,--ds-space-075,0.375rem,Use for small and compact pieces of UI.,0.375rem,"Spacing tokens define the distance, alignment, and layout positioning (e.g. space.100, space.200, space.050). Use for margin, padding, gap, and layout positioning such as top, left, etc",padding; margin; gap; top; left; right; bottom; inset,token-metadata.codegen.js
space.100,space; 100,--ds-space-100,0.5rem,Use for small and compact pieces of UI.,0.5rem,"Spacing tokens define the distance, alignment, and layout positioning (e.g. space.100, space.200, space.050). Use for margin, padding, gap, and layout positioning such as top, left, etc",padding; margin; gap; top; left; right; bottom; inset,token-metadata.codegen.js
space.150,space; 150,--ds-space-150,0.75rem,Use for larger and less dense pieces of UI.,0.75rem,"Spacing tokens define the distance, alignment, and layout positioning (e.g. space.100, space.200, space.050). Use for margin, padding, gap, and layout positioning such as top, left, etc",padding; margin; gap; top; left; right; bottom; inset,token-metadata.codegen.js
space.200,space; 200,--ds-space-200,1rem,Use for larger and less dense pieces of UI.,1rem,"Spacing tokens define the distance, alignment, and layout positioning (e.g. space.100, space.200, space.050). Use for margin, padding, gap, and layout positioning such as top, left, etc",padding; margin; gap; top; left; right; bottom; inset,token-metadata.codegen.js
space.250,space; 250,--ds-space-250,1.25rem,Use for larger and less dense pieces of UI.,1.25rem,"Spacing tokens define the distance, alignment, and layout positioning (e.g. space.100, space.200, space.050). Use for margin, padding, gap, and layout positioning such as top, left, etc",padding; margin; gap; top; left; right; bottom; inset,token-metadata.codegen.js
space.300,space; 300,--ds-space-300,1.5rem,Use for larger and less dense pieces of UI.,1.5rem,"Spacing tokens define the distance, alignment, and layout positioning (e.g. space.100, space.200, space.050). Use for margin, padding, gap, and layout positioning such as top, left, etc",padding; margin; gap; top; left; right; bottom; inset,token-metadata.codegen.js
space.400,space; 400,--ds-space-400,2rem,Use for the largest pieces of UI and for layout elements.,2rem,"Spacing tokens define the distance, alignment, and layout positioning (e.g. space.100, space.200, space.050). Use for margin, padding, gap, and layout positioning such as top, left, etc",padding; margin; gap; top; left; right; bottom; inset,token-metadata.codegen.js
space.500,space; 500,--ds-space-500,2.5rem,Use for the largest pieces of UI and for layout elements.,2.5rem,"Spacing tokens define the distance, alignment, and layout positioning (e.g. space.100, space.200, space.050). Use for margin, padding, gap, and layout positioning such as top, left, etc",padding; margin; gap; top; left; right; bottom; inset,token-metadata.codegen.js
space.600,space; 600,--ds-space-600,3rem,Use for the largest pieces of UI and for layout elements.,3rem,"Spacing tokens define the distance, alignment, and layout positioning (e.g. space.100, space.200, space.050). Use for margin, padding, gap, and layout positioning such as top, left, etc",padding; margin; gap; top; left; right; bottom; inset,token-metadata.codegen.js
space.800,space; 800,--ds-space-800,4rem,Use for the largest pieces of UI and for layout elements.,4rem,"Spacing tokens define the distance, alignment, and layout positioning (e.g. space.100, space.200, space.050). Use for margin, padding, gap, and layout positioning such as top, left, etc",padding; margin; gap; top; left; right; bottom; inset,token-metadata.codegen.js
space.1000,space; 1000,--ds-space-1000,5rem,Use for the largest pieces of UI and for layout elements.,5rem,"Spacing tokens define the distance, alignment, and layout positioning (e.g. space.100, space.200, space.050). Use for margin, padding, gap, and layout positioning such as top, left, etc",padding; margin; gap; top; left; right; bottom; inset,token-metadata.codegen.js
space.negative.025,space; negative; 025,--ds-space-negative-025,-0.125rem,Use to negate parent whitespace or overlap small pieces of UI.,-0.125rem,"Spacing tokens define the distance, alignment, and layout positioning (e.g. space.100, space.200, space.050). Use for margin, padding, gap, and layout positioning such as top, left, etc",padding; margin; gap; top; left; right; bottom; inset,token-metadata.codegen.js
space.negative.050,space; negative; 050,--ds-space-negative-050,-0.25rem,Use to negate parent whitespace or overlap small pieces of UI.,-0.25rem,"Spacing tokens define the distance, alignment, and layout positioning (e.g. space.100, space.200, space.050). Use for margin, padding, gap, and layout positioning such as top, left, etc",padding; margin; gap; top; left; right; bottom; inset,token-metadata.codegen.js
space.negative.075,space; negative; 075,--ds-space-negative-075,-0.375rem,Use to negate parent whitespace or overlap small pieces of UI.,-0.375rem,"Spacing tokens define the distance, alignment, and layout positioning (e.g. space.100, space.200, space.050). Use for margin, padding, gap, and layout positioning such as top, left, etc",padding; margin; gap; top; left; right; bottom; inset,token-metadata.codegen.js
space.negative.100,space; negative; 100,--ds-space-negative-100,-0.5rem,Use to negate parent whitespace or overlap small pieces of UI.,-0.5rem,"Spacing tokens define the distance, alignment, and layout positioning (e.g. space.100, space.200, space.050). Use for margin, padding, gap, and layout positioning such as top, left, etc",padding; margin; gap; top; left; right; bottom; inset,token-metadata.codegen.js
space.negative.150,space; negative; 150,--ds-space-negative-150,-0.75rem,Use to negate parent whitespace or overlap larger pieces of UI.,-0.75rem,"Spacing tokens define the distance, alignment, and layout positioning (e.g. space.100, space.200, space.050). Use for margin, padding, gap, and layout positioning such as top, left, etc",padding; margin; gap; top; left; right; bottom; inset,token-metadata.codegen.js
space.negative.200,space; negative; 200,--ds-space-negative-200,-1rem,Use to negate parent whitespace or overlap larger pieces of UI.,-1rem,"Spacing tokens define the distance, alignment, and layout positioning (e.g. space.100, space.200, space.050). Use for margin, padding, gap, and layout positioning such as top, left, etc",padding; margin; gap; top; left; right; bottom; inset,token-metadata.codegen.js
space.negative.250,space; negative; 250,--ds-space-negative-250,-1.25rem,Use to negate parent whitespace or overlap larger pieces of UI.,-1.25rem,"Spacing tokens define the distance, alignment, and layout positioning (e.g. space.100, space.200, space.050). Use for margin, padding, gap, and layout positioning such as top, left, etc",padding; margin; gap; top; left; right; bottom; inset,token-metadata.codegen.js
space.negative.300,space; negative; 300,--ds-space-negative-300,-1.5rem,Use to negate parent whitespace or overlap larger pieces of UI.,-1.5rem,"Spacing tokens define the distance, alignment, and layout positioning (e.g. space.100, space.200, space.050). Use for margin, padding, gap, and layout positioning such as top, left, etc",padding; margin; gap; top; left; right; bottom; inset,token-metadata.codegen.js
space.negative.400,space; negative; 400,--ds-space-negative-400,-2rem,Use to negate parent whitespace or overlap the largest pieces of UI.,-2rem,"Spacing tokens define the distance, alignment, and layout positioning (e.g. space.100, space.200, space.050). Use for margin, padding, gap, and layout positioning such as top, left, etc",padding; margin; gap; top; left; right; bottom; inset,token-metadata.codegen.js
font.heading.xxlarge,font; heading; xxlarge,--ds-font-heading-xxlarge,"normal 653 2rem/2.25rem ""Atlassian Sans"", ui-sans-serif, -apple-system, BlinkMacSystemFont, ""Segoe UI"", Ubuntu, ""Helvetica Neue"", sans-serif","For overlapping brand with app promotions, such as marketplace content. Migrate instances of H900 to Heading XXL.","normal 653 2rem/2.25rem ""Atlassian Sans"", ui-sans-serif, -apple-system, BlinkMacSystemFont, ""Segoe UI"", Ubuntu, ""Helvetica Neue"", sans-serif","A composite token that applies complete font-related properties for headings (e.g. font.heading.xlarge). Includes font size, weight, line height, and family",font,token-metadata.codegen.js
font.heading.xlarge,font; heading; xlarge,--ds-font-heading-xlarge,"normal 653 1.75rem/2rem ""Atlassian Sans"", ui-sans-serif, -apple-system, BlinkMacSystemFont, ""Segoe UI"", Ubuntu, ""Helvetica Neue"", sans-serif","For overlapping brand with app promotions, such as marketplace content. Migrate instances of H800 to Heading XL.","normal 653 1.75rem/2rem ""Atlassian Sans"", ui-sans-serif, -apple-system, BlinkMacSystemFont, ""Segoe UI"", Ubuntu, ""Helvetica Neue"", sans-serif","A composite token that applies complete font-related properties for headings (e.g. font.heading.xlarge). Includes font size, weight, line height, and family",font,token-metadata.codegen.js
font.heading.large,font; heading; large,--ds-font-heading-large,"normal 653 1.5rem/1.75rem ""Atlassian Sans"", ui-sans-serif, -apple-system, BlinkMacSystemFont, ""Segoe UI"", Ubuntu, ""Helvetica Neue"", sans-serif","App page titles, such as forms. Migrate instances of H700 to Heading L.","normal 653 1.5rem/1.75rem ""Atlassian Sans"", ui-sans-serif, -apple-system, BlinkMacSystemFont, ""Segoe UI"", Ubuntu, ""Helvetica Neue"", sans-serif","A composite token that applies complete font-related properties for headings (e.g. font.heading.xlarge). Includes font size, weight, line height, and family",font,token-metadata.codegen.js
font.heading.medium,font; heading; medium,--ds-font-heading-medium,"normal 653 1.25rem/1.5rem ""Atlassian Sans"", ui-sans-serif, -apple-system, BlinkMacSystemFont, ""Segoe UI"", Ubuntu, ""Helvetica Neue"", sans-serif","Headers in large components, such as modal dialogs. Migrate instances of H600 to Heading M.","normal 653 1.25rem/1.5rem ""Atlassian Sans"", ui-sans-serif, -apple-system, BlinkMacSystemFont, ""Segoe UI"", Ubuntu, ""Helvetica Neue"", sans-serif","A composite token that applies complete font-related properties for headings (e.g. font.heading.xlarge). Includes font size, weight, line height, and family",font,token-metadata.codegen.js
font.heading.small,font; heading; small,--ds-font-heading-small,"normal 653 1rem/1.25rem ""Atlassian Sans"", ui-sans-serif, -apple-system, BlinkMacSystemFont, ""Segoe UI"", Ubuntu, ""Helvetica Neue"", sans-serif",For headers in small components where space is limited. Migrate instances of H500 to Heading S.,"normal 653 1rem/1.25rem ""Atlassian Sans"", ui-sans-serif, -apple-system, BlinkMacSystemFont, ""Segoe UI"", Ubuntu, ""Helvetica Neue"", sans-serif","A composite token that applies complete font-related properties for headings (e.g. font.heading.xlarge). Includes font size, weight, line height, and family",font,token-metadata.codegen.js
font.heading.xsmall,font; heading; xsmall,--ds-font-heading-xsmall,"normal 653 0.875rem/1.25rem ""Atlassian Sans"", ui-sans-serif, -apple-system, BlinkMacSystemFont, ""Segoe UI"", Ubuntu, ""Helvetica Neue"", sans-serif",For headers in small components where space is limited. Migrate instances of H400 to Heading XS.,"normal 653 0.875rem/1.25rem ""Atlassian Sans"", ui-sans-serif, -apple-system, BlinkMacSystemFont, ""Segoe UI"", Ubuntu, ""Helvetica Neue"", sans-serif","A composite token that applies complete font-related properties for headings (e.g. font.heading.xlarge). Includes font size, weight, line height, and family",font,token-metadata.codegen.js
font.heading.xxsmall,font; heading; xxsmall,--ds-font-heading-xxsmall,"normal 653 0.75rem/1rem ""Atlassian Sans"", ui-sans-serif, -apple-system, BlinkMacSystemFont, ""Segoe UI"", Ubuntu, ""Helvetica Neue"", sans-serif","For headers in fine print or tight spaces. Use sparingly. Migrate instances of H100, H200 and H300 to Heading XXS.","normal 653 0.75rem/1rem ""Atlassian Sans"", ui-sans-serif, -apple-system, BlinkMacSystemFont, ""Segoe UI"", Ubuntu, ""Helvetica Neue"", sans-serif","A composite token that applies complete font-related properties for headings (e.g. font.heading.xlarge). Includes font size, weight, line height, and family",font,token-metadata.codegen.js
font.body.large,font; body; large,--ds-font-body-large,"normal 400 1rem/1.5rem ""Atlassian Sans"", ui-sans-serif, -apple-system, BlinkMacSystemFont, ""Segoe UI"", Ubuntu, ""Helvetica Neue"", sans-serif","For long-form text, such as in blogs.","normal 400 1rem/1.5rem ""Atlassian Sans"", ui-sans-serif, -apple-system, BlinkMacSystemFont, ""Segoe UI"", Ubuntu, ""Helvetica Neue"", sans-serif",A composite token that applies all font properties for standard body text (e.g. font.body),font,token-metadata.codegen.js
font.body,font; body; [default],--ds-font-body,"normal 400 0.875rem/1.25rem ""Atlassian Sans"", ui-sans-serif, -apple-system, BlinkMacSystemFont, ""Segoe UI"", Ubuntu, ""Helvetica Neue"", sans-serif",Use in short descriptions or labels. The default size for text in components. Migrate instances of Paragraph Default and UI Text to Body M.,"normal 400 0.875rem/1.25rem ""Atlassian Sans"", ui-sans-serif, -apple-system, BlinkMacSystemFont, ""Segoe UI"", Ubuntu, ""Helvetica Neue"", sans-serif",A composite token that applies all font properties for standard body text (e.g. font.body),font,token-metadata.codegen.js
font.body.small,font; body; small,--ds-font-body-small,"normal 400 0.75rem/1rem ""Atlassian Sans"", ui-sans-serif, -apple-system, BlinkMacSystemFont, ""Segoe UI"", Ubuntu, ""Helvetica Neue"", sans-serif",Use in secondary level content such as fine print or semantic messaging. Use sparingly. Migrate instances of Small text to Body S.,"normal 400 0.75rem/1rem ""Atlassian Sans"", ui-sans-serif, -apple-system, BlinkMacSystemFont, ""Segoe UI"", Ubuntu, ""Helvetica Neue"", sans-serif",A composite token that applies all font properties for standard body text (e.g. font.body),font,token-metadata.codegen.js
font.metric.large,font; metric; large,--ds-font-metric-large,"normal 653 1.75rem/2rem ""Atlassian Sans"", ui-sans-serif, -apple-system, BlinkMacSystemFont, ""Segoe UI"", Ubuntu, ""Helvetica Neue"", sans-serif",Use to emphasize a number within a large donut.,"normal 653 1.75rem/2rem ""Atlassian Sans"", ui-sans-serif, -apple-system, BlinkMacSystemFont, ""Segoe UI"", Ubuntu, ""Helvetica Neue"", sans-serif","Font settings for displaying numbers or metrics, ensuring legibility and alignment (e.g. font.metric)",font,token-metadata.codegen.js
font.metric.medium,font; metric; medium,--ds-font-metric-medium,"normal 653 1.5rem/1.75rem ""Atlassian Sans"", ui-sans-serif, -apple-system, BlinkMacSystemFont, ""Segoe UI"", Ubuntu, ""Helvetica Neue"", sans-serif",Use to emphasize a number within a medium donut.,"normal 653 1.5rem/1.75rem ""Atlassian Sans"", ui-sans-serif, -apple-system, BlinkMacSystemFont, ""Segoe UI"", Ubuntu, ""Helvetica Neue"", sans-serif","Font settings for displaying numbers or metrics, ensuring legibility and alignment (e.g. font.metric)",font,token-metadata.codegen.js
font.metric.small,font; metric; small,--ds-font-metric-small,"normal 653 1rem/1.25rem ""Atlassian Sans"", ui-sans-serif, -apple-system, BlinkMacSystemFont, ""Segoe UI"", Ubuntu, ""Helvetica Neue"", sans-serif","Use to emphasize a number and words in single-value tiles, or small donuts.","normal 653 1rem/1.25rem ""Atlassian Sans"", ui-sans-serif, -apple-system, BlinkMacSystemFont, ""Segoe UI"", Ubuntu, ""Helvetica Neue"", sans-serif","Font settings for displaying numbers or metrics, ensuring legibility and alignment (e.g. font.metric)",font,token-metadata.codegen.js
font.code,font; code; [default],--ds-font-code,"normal 400 0.875em/1 ""Atlassian Mono"", ui-monospace, Menlo, ""Segoe UI Mono"", ""Ubuntu Mono"", monospace","For representing code only, either inline or in code blocks.","normal 400 0.875em/1 ""Atlassian Mono"", ui-monospace, Menlo, ""Segoe UI Mono"", ""Ubuntu Mono"", monospace","Font settings for inline code and code blocks, enforcing monospace font and sizing (e.g. font.code)",font; font-family; font-size; font-weight; line-height,token-metadata.codegen.js
font.weight.regular,font; weight; regular,--ds-font-weight-regular,400,Default font weight for body text styles.,400,"Granular control of font weight (e.g. font.weight.regular, font.weight.semibold). Use only to override the default font tokens for custom typography components beyond what’s supported by Text, MetricText and Heading",font-weight,token-metadata.codegen.js
font.weight.medium,font; weight; medium,--ds-font-weight-medium,500,"For all text that may appear beside iconography, such as in a button.",500,"Granular control of font weight (e.g. font.weight.regular, font.weight.semibold). Use only to override the default font tokens for custom typography components beyond what’s supported by Text, MetricText and Heading",font-weight,token-metadata.codegen.js
font.weight.semibold,font; weight; semibold,--ds-font-weight-semibold,600,Use with caution as fallback fonts do not support this font weight and will default to bold weight.,600,"Granular control of font weight (e.g. font.weight.regular, font.weight.semibold). Use only to override the default font tokens for custom typography components beyond what’s supported by Text, MetricText and Heading",font-weight,token-metadata.codegen.js
font.weight.bold,font; weight; bold,--ds-font-weight-bold,653,"Use sparingly for emphasising text, such as in a lozenge.",653,"Granular control of font weight (e.g. font.weight.regular, font.weight.semibold). Use only to override the default font tokens for custom typography components beyond what’s supported by Text, MetricText and Heading",font-weight,token-metadata.codegen.js
font.family.heading,font; family; heading,--ds-font-family-heading,"""Atlassian Sans"", ui-sans-serif, -apple-system, BlinkMacSystemFont, ""Segoe UI"", Ubuntu, ""Helvetica Neue"", sans-serif",For our default UI heading text.,"""Atlassian Sans"", ui-sans-serif, -apple-system, BlinkMacSystemFont, ""Segoe UI"", Ubuntu, ""Helvetica Neue"", sans-serif",Granular control of font family (e.g. font.family.body). Use only when overriding the default in composites,font-family,token-metadata.codegen.js
font.family.body,font; family; body,--ds-font-family-body,"""Atlassian Sans"", ui-sans-serif, -apple-system, BlinkMacSystemFont, ""Segoe UI"", Ubuntu, ""Helvetica Neue"", sans-serif",For our default UI body text.,"""Atlassian Sans"", ui-sans-serif, -apple-system, BlinkMacSystemFont, ""Segoe UI"", Ubuntu, ""Helvetica Neue"", sans-serif",Granular control of font family (e.g. font.family.body). Use only when overriding the default in composites,font-family,token-metadata.codegen.js
font.family.code,font; family; code,--ds-font-family-code,"""Atlassian Mono"", ui-monospace, Menlo, ""Segoe UI Mono"", ""Ubuntu Mono"", monospace",For representing code only.,"""Atlassian Mono"", ui-monospace, Menlo, ""Segoe UI Mono"", ""Ubuntu Mono"", monospace",Granular control of font family (e.g. font.family.body). Use only when overriding the default in composites,font-family,token-metadata.codegen.js
font.family.brand.heading,font; family; brand; heading,--ds-font-family-brand-heading,"""Charlie Display"", ui-sans-serif, -apple-system, BlinkMacSystemFont, ""Segoe UI"", Ubuntu, ""Helvetica Neue"", sans-serif",For our brand heading text. Uses Charlie Display.,"""Charlie Display"", ui-sans-serif, -apple-system, BlinkMacSystemFont, ""Segoe UI"", Ubuntu, ""Helvetica Neue"", sans-serif",Granular control of font family (e.g. font.family.body). Use only when overriding the default in composites,font-family,token-metadata.codegen.js
font.family.brand.body,font; family; brand; body,--ds-font-family-brand-body,"""Charlie Text"", ui-sans-serif, -apple-system, BlinkMacSystemFont, ""Segoe UI"", Ubuntu, ""Helvetica Neue"", sans-serif",For our brand body text. Uses Charlie Text.,"""Charlie Text"", ui-sans-serif, -apple-system, BlinkMacSystemFont, ""Segoe UI"", Ubuntu, ""Helvetica Neue"", sans-serif",Granular control of font family (e.g. font.family.body). Use only when overriding the default in composites,font-family,token-metadata.codegen.js
radius.xsmall,radius; xsmall,--ds-radius-xsmall,0.125rem,"Use for small detail elements: badges, checkboxes, avatar labels, keyboard shortcuts.",0.125rem,"Controls the rounding of element corners, often for containers (e.g. radius.medium, radius.circle)",border-radius; border-top-left-radius; border-top-right-radius; border-bottom-left-radius; border-bottom-right-radius,token-metadata.codegen.js
radius.small,radius; small,--ds-radius-small,0.25rem,"Use for supporting elements: labels, lozenges, timestamps, tags, dates, tooltip containers, imagery inside a table, compact buttons.",0.25rem,"Controls the rounding of element corners, often for containers (e.g. radius.medium, radius.circle)",border-radius; border-top-left-radius; border-top-right-radius; border-bottom-left-radius; border-bottom-right-radius,token-metadata.codegen.js
radius.medium,radius; medium,--ds-radius-medium,0.375rem,"Use for interactive elements: buttons, inputs, text areas, selects, navigation items, smart links.",0.375rem,"Controls the rounding of element corners, often for containers (e.g. radius.medium, radius.circle)",border-radius; border-top-left-radius; border-top-right-radius; border-bottom-left-radius; border-bottom-right-radius,token-metadata.codegen.js
radius.large,radius; large,--ds-radius-large,0.5rem,"Use for containment elements: cards, in-page containers, floating UI, dropdown menus.",0.5rem,"Controls the rounding of element corners, often for containers (e.g. radius.medium, radius.circle)",border-radius; border-top-left-radius; border-top-right-radius; border-bottom-left-radius; border-bottom-right-radius,token-metadata.codegen.js
radius.xlarge,radius; xlarge,--ds-radius-xlarge,0.75rem,"Use for large page elements: full-page containers, large containers, modals, Kanban columns, tables.",0.75rem,"Controls the rounding of element corners, often for containers (e.g. radius.medium, radius.circle)",border-radius; border-top-left-radius; border-top-right-radius; border-bottom-left-radius; border-bottom-right-radius,token-metadata.codegen.js
radius.xxlarge,radius; xxlarge,--ds-radius-xxlarge,1rem,Use for video player containers.,1rem,"Controls the rounding of element corners, often for containers (e.g. radius.medium, radius.circle)",border-radius; border-top-left-radius; border-top-right-radius; border-bottom-left-radius; border-bottom-right-radius,token-metadata.codegen.js
radius.full,radius; full,--ds-radius-full,624.9375rem,"Use for circular elements (user/people related): avatars, names, user-related UI, emoji reactions.",624.9375rem,"Controls the rounding of element corners, often for containers (e.g. radius.medium, radius.circle)",border-radius; border-top-left-radius; border-top-right-radius; border-bottom-left-radius; border-bottom-right-radius,token-metadata.codegen.js
radius.tile,radius; tile,--ds-radius-tile,25%,Use this specific radius token exclusively for the tile component system.,25%,"Controls the rounding of element corners, often for containers (e.g. radius.medium, radius.circle)",border-radius; border-top-left-radius; border-top-right-radius; border-bottom-left-radius; border-bottom-right-radius,token-metadata.codegen.js
border.width,border; width; [default],--ds-border-width,0.0625rem,The default width for all standard component borders and dividers.,0.0625rem,"Controls the thickness of borders/dividers (e.g. border.width, border.width.selected). Use to standardize border widths throughout UI",border-width,token-metadata.codegen.js
border.width.selected,border; width; selected,--ds-border-width-selected,0.125rem,"The width used to indicate a selected element, such as an active tab or a chosen item.",0.125rem,"Controls the thickness of borders/dividers (e.g. border.width, border.width.selected). Use to standardize border widths throughout UI",border-width,token-metadata.codegen.js
border.width.focused,border; width; focused,--ds-border-width-focused,0.125rem,The width used for the focus ring on interactive elements.,0.125rem,"Controls the thickness of borders/dividers (e.g. border.width, border.width.selected). Use to standardize border widths throughout UI",border-width,token-metadata.codegen.js
